Time (s),ESC signal (µs),Servo 1 (µs),Servo 2 (µs),Servo 3 (µs),AccX (g),AccY (g),AccZ (g),Torque (N·m),Thrust (kgf),Voltage (V),Current (A),Motor Electrical Speed (RPM),Motor Optical Speed (RPM),Electrical Power (W),Mechanical Power (W),Motor Efficiency (%),Propeller Mech. Efficiency (kgf/W),Overall Efficiency (kgf/W),Vibration (g),19DA Temp (ºC),App message,
0,1000,,,,-0.01171875,0.015625,-1.021484375,-9.11632E-05,-0.006756044,15.46600151,0.012731263,0,0,0.196901726,0,0,0,0,0.087890625,,,
0,1000,,,,-0.015625,0.01953125,-0.99609375,8.97597E-05,-0.007293033,15.46691036,0.001278848,0,0,0.01977982,0,0,0,0,0.087890625,25.125,,
0.064145,1000,,,,0,0.00390625,-0.994140625,-1.7837E-05,-0.006514833,15.46488953,-0.006908494,0,0,0.106839096,0,0,0,0,0.087890625,,,
0.02942,1000,,,,-0.009765625,0.01171875,-1.00390625,-9.7015E-05,-0.007327492,15.46650124,-0.005823425,0,0,0.090068009,0,0,0,0,0.087890625,,,
0.095175,1000,,,,0,0.00390625,-1.0078125,1.24517E-06,-0.007137969,15.46600246,0.005569805,0,0,0.086142611,0,0,0,0,0.087890625,,,
0.125855,1000,,,,0,0.001953125,-0.994140625,1.09129E-05,-0.007240618,15.46727276,0.00838112,0,0,0.129633076,0,0,0,0,0.087890625,,,
0.156525,1000,,,,-0.0078125,0.009765625,-0.998046875,-1.87362E-05,-0.007156625,15.46760082,-0.0038703,0,0,0.059864255,0,0,0,0,0.0859375,,,
0.189705,1000,,,,-0.009765625,0.01171875,-0.9921875,9.5491E-05,-0.007018791,15.46480083,0.001989075,0,0,0.03076065,0,0,0,0,0.0859375,,,
0.222395,1000,,,,0,0.00390625,-1.00390625,-1.62193E-05,-0.006908954,15.46333599,-0.002568216,0,0,0.039713187,0,0,0,0,0.0859375,,,
0.253965,1000,,,,-0.017578125,0.021484375,-1.015625,-1.20751E-05,-0.006717278,15.46473026,0.001278848,0,0,0.019777032,0,0,0,0,0.0859375,,,
0.285265,1000,,,,-0.0078125,0.01171875,-0.990234375,7.11297E-05,-0.006964222,15.46760082,0.001989075,0,0,0.030766219,0,0,0,0,0.0859375,,,
0.31893,1000,,,,-0.009765625,0.015625,-1.00390625,0.000133495,-0.00714443,15.46545696,0.00838112,0,0,0.129617858,0,0,0,0,0.0859375,,,
0.35283,1000,,,,-0.0078125,0.01171875,-1.009765625,0.000161798,-0.007222312,15.46400356,0.002166632,0,0,0.0335048,0,0,0,0,0.0859375,,,
0.38839,1000,,,,-0.01953125,0.025390625,-1.001953125,0.000225454,-0.007415792,15.4663353,0.008825013,0,0,0.136490603,0,0,0,0,0.0859375,,,
0.424685,1000,,,,-0.015625,0.01953125,-1.00390625,0.000173141,-0.007307382,15.46533585,0.008825013,0,0,0.136481783,0,0,0,0,0.0859375,,,
0.47854,1000,,,,-0.017578125,0.021484375,-0.990234375,0.000143832,-0.00753209,15.46400356,0.012080221,0,0,0.186808579,0,0,0,0,0.0859375,,,
0.511875,1000,,,,-0.021484375,0.025390625,-1.005859375,0.000198808,-0.006863189,15.46484375,0.005484141,0,0,0.084811377,0,0,0,0,0.087890625,,,
0.546745,1000,,,,-0.025390625,0.02734375,-1.005859375,-1.17252E-06,-0.007282265,15.46509361,0.002166632,0,0,0.033507162,0,0,0,0,0.087890625,,,
0.582455,1000,,,,-0.017578125,0.021484375,-1.0078125,0.000223524,-0.006755317,15.46500301,-0.005823425,0,0,0.090059284,0,0,0,0,0.087890625,,,
0.620915,1000,,,,-0.0078125,0.01171875,-0.98828125,0.00013657,-0.00660098,15.46466923,0.005569805,0,0,0.086135185,0,0,0,0,0.087890625,,,
0.65234,1000,,,,0,0.005859375,-1.01171875,6.90117E-05,-0.007390648,15.46461678,0.000937392,0,0,0.014496409,0,0,0,0,0.087890625,,,
0.684075,1000,,,,-0.009765625,0.013671875,-1.00390625,-5.74847E-06,-0.006837156,15.46600151,-0.002893737,0,0,0.044754548,0,0,0,0,0.0859375,,,
0.71915,1000,,,,0,0.00390625,-1,4.03829E-05,-0.006963522,15.46691036,0.003054416,0,0,0.047242377,0,0,0,0,0.0859375,,,
0.749795,1000,,,,0,0.00390625,-1.0078125,0.000148085,-0.007045712,15.46566772,0.000686992,0,0,0.010624791,0,0,0,0,0.0859375,,,
0.780105,1000,,,,-0.009765625,0.013671875,-1.005859375,0.000125363,-0.00729804,15.46691036,0.003054416,0,0,0.047242377,0,0,0,0,0.0859375,,,
0.81019,1000,,,,-0.017578125,0.0234375,-1,-2.00039E-05,-0.007237388,15.46489143,0.009367547,0,0,0.144868098,0,0,0,0,0.0859375,,,
0.84293,1000,,,,-0.0234375,0.0234375,-0.982421875,0.000123446,-0.007417219,15.46618366,0.010156689,0,0,0.157085211,0,0,0,0,0.0859375,,,
0.876075,1000,,,,-0.03515625,0.04296875,-1,2.15645E-05,-0.007350455,15.46844673,0.0039422,0,0,0.060979712,0,0,0,0,0.0859375,,,
0.9062,1000,,,,-0.025390625,0.029296875,-0.98828125,0.000155291,-0.007112125,15.46680164,0.001989075,0,0,0.030764629,0,0,0,0,0.087890625,25.125,,
0.93665,1000,,,,-0.01953125,0.02734375,-0.994140625,5.64236E-05,-0.007407527,15.46600151,0.005162903,0,0,0.079849468,0,0,0,0,0.087890625,,,
0.969625,1000,,,,-0.04296875,0.044921875,-1.0078125,7.13779E-05,-0.007573709,15.46582031,-0.001384504,0,0,0.021412491,0,0,0,0,0.087890625,,,
1.00013,1000,,,,-0.01953125,0.025390625,-0.9921875,6.46642E-05,-0.006982179,15.46680164,0.0039422,0,0,0.060973226,0,0,0,0,0.08984375,,,
1.03763,1000,,,,-0.01953125,0.025390625,-0.9921875,4.82273E-05,-0.007034593,15.46680164,0.013707825,0,0,0.212016211,0,0,0,0,0.08984375,,,
1.077455,1000,,,,-0.03125,0.03125,-0.994140625,0.000215568,-0.007439482,15.46369362,0.010703017,0,0,0.16550818,0,0,0,0,0.08984375,,,
1.10915,1000,,,,-0.015625,0.021484375,-0.98828125,0.000334584,-0.007359797,15.46707821,-0.001316213,0,0,0.020357969,0,0,0,0,0.08984375,,,
1.14127,1000,,,,-0.041015625,0.04296875,-0.9921875,0.00024999,-0.007167394,15.46509361,-0.000496721,0,0,0,0,0,0,0,0.091796875,,,
1.176275,1000,,,,-0.017578125,0.021484375,-1,0.000133884,-0.007066171,15.46640205,0.008825013,0,0,0.136491192,0,0,0,0,0.091796875,,,
1.2232,1000,,,,-0.03515625,0.037109375,-1.015625,0.000221353,-0.007204733,15.4663353,-0.006637228,0,0,0.102653588,0,0,0,0,0.091796875,,,
1.258665,1000,,,,-0.01953125,0.0234375,-0.9921875,8.11487E-05,-0.007156087,15.46635342,0.002793303,0,0,0.043202209,0,0,0,0,0.091796875,,,
1.30234,1000,,,,-0.0078125,0.009765625,-1.009765625,-8.00917E-06,-0.006997254,15.46582031,0.000391063,0,0,0,0,0,0,0,0.091796875,,,
1.34973,1000,,,,-0.01953125,0.0234375,-0.998046875,0.000273213,-0.006829268,15.46560287,0.0039422,0,0,0.060968501,0,0,0,0,0.091796875,,,
1.38309,1000,,,,-0.013671875,0.015625,-1.005859375,0.000198712,-0.007227158,15.4656496,0.002793303,0,0,0.043200243,0,0,0,0,0.091796875,,,
1.41564,1000,,,,-0.025390625,0.03125,-1.0078125,0.000242352,-0.007311689,15.46763897,-0.004935642,0,0,0.076342724,0,0,0,0,0.091796875,,,
1.450615,1003,,,,-0.01953125,0.0234375,-0.994140625,8.03623E-05,-0.0070974,15.46473026,0.004829984,0,0,0.074694403,0,0,0,0,0.091796875,,,
1.484615,1009,,,,-0.0390625,0.0390625,-1.00390625,-3.12191E-05,-0.006710817,15.46545506,0.0039422,0,0,0.060967918,0,0,0,0,0.091796875,,,
1.51699,1009,,,,-0.017578125,0.021484375,-1.015625,0.00012762,-0.00699152,15.46600246,-0.001754414,0,0,0.027133775,0,0,0,0,0.091796875,,,
1.5506,1009,,,,-0.01953125,0.0234375,-1.00390625,0.00024027,-0.00712109,15.46600151,0.002965638,0,0,0.045866555,0,0,0,0,0.091796875,,,
1.587,1009,,,,-0.017578125,0.021484375,-1,0.000149573,-0.007422253,15.46600342,0.006383606,0,0,0.098728877,0,0,0,0,0.091796875,,,
1.616885,1009,,,,-0.015625,0.015625,-0.994140625,0.000176482,-0.006712971,15.4663353,-0.003382019,0,0,0.052307435,0,0,0,0,0.091796875,,,
1.64724,1009,,,,-0.01953125,0.0234375,-1.001953125,3.51886E-05,-0.007103861,15.46600056,-0.000940612,0,0,0.014547513,0,0,0,0,0.091796875,,,
1.67757,1009,,,,-0.01953125,0.025390625,-1.001953125,9.37237E-05,-0.007537824,15.46680164,0.008825013,0,0,0.136494719,0,0,0,0,0.091796875,,,
1.7125,1009,,,,0,0.005859375,-0.994140625,7.98376E-06,-0.007466753,15.46440315,0.006871888,0,0,0.10626964,0,0,0,0,0.091796875,,,
1.74424,1016,,,,0,0.00390625,-1.0078125,0.000124365,-0.007626851,15.46800137,0.003190998,0,0,0.049358362,0,0,0,0,0.08984375,,,
1.77649,1016,,,,0,0.00390625,-0.994140625,1.44096E-05,-0.00692403,15.46355724,0.002857131,0,0,0.044181409,0,0,0,0,0.08984375,,,
1.81196,1022,,,,-0.017578125,0.021484375,-1.017578125,0.000146941,-0.007062941,15.46666813,0.005027269,0,0,0.077755103,0,0,0,0,0.08984375,25.125,,
1.844475,1028,,,,-0.017578125,0.017578125,-1.015625,0.000113912,-0.00707982,15.46520233,-0.000940612,0,0,0.014546762,0,0,0,0,0.08984375,,,
1.877775,1035,,,,0,0.00390625,-0.998046875,5.85603E-05,-0.006998681,15.46436691,-0.000496721,0,0,0,0,0,0,0,0.08984375,,,
1.910705,1041,,,,-0.0078125,0.021484375,-1.01171875,0.000117768,-0.006780811,15.46509361,0.1437682,0,0,2.223388668,0,0,0,0,0.087890625,,,
1.9458,1047,,,,-0.01953125,-0.03515625,-1.00390625,-0.008522841,-0.007183896,15.45866871,0.322952607,0,0,4.992417357,0,0,0,0,0.08984375,,,
1.97679,1047,,,,-0.0234375,0.013671875,-1.02734375,0.026603295,-0.006885264,15.45854568,0.303569325,0,0,4.692740284,0,0,0,0,0.09765625,,,
2.01029,1047,,,,-0.03125,0.044921875,-0.994140625,0.028811206,-0.005465999,15.46040058,0.292028138,0,0,4.514871988,0,0,0,0,0.10546875,,,
2.04661,1047,,,,-0.05078125,-0.013671875,-1.005859375,0.037867706,-0.008287299,15.46266842,0.216344544,0,0,3.345263945,0,0,0,0,0.111328125,,,
2.077255,1047,,,,-0.0234375,-0.017578125,-0.986328125,0.023830985,-0.011967911,15.46433544,0.126012513,0,0,1.948699764,0,0,0,0,0.115234375,,,
2.107885,1047,,,,-0.041015625,0.025390625,-1.01171875,0.011949077,-0.013661767,15.46080017,0.112340638,0,0,1.736876148,0,0,0,0,0.119140625,,,
2.138255,1047,,,,-0.041015625,0.013671875,-1.02734375,0.008259534,-0.014412319,15.46360302,0.1133172,0,0,1.752292197,0,0,0,0,0.119140625,,,
2.173865,1047,,,,-0.017578125,0,-0.986328125,0.007556638,-0.014795671,15.46360207,0.106481263,0,0,1.646583872,0,0,0,0,0.12109375,,,
2.208085,1047,,,,-0.025390625,0.033203125,-1.00390625,0.006619237,-0.015685135,15.46300125,0.103226052,0,0,1.596184567,0,0,0,0,0.123046875,,,
2.24093,1053,,,,-0.025390625,0.041015625,-1.00390625,0.00585716,-0.017194853,15.4629097,0.108700723,0,0,1.680829471,0,0,0,0,0.123046875,,,
2.279675,1060,,,,-0.01953125,0.021484375,-1.029296875,0.005620415,-0.017386529,15.46363735,0.098935098,0,0,1.529896484,0,0,0,0,0.123046875,,,
2.316935,1060,,,,-0.015625,0.041015625,-1,0.005451407,-0.019098692,15.46285915,0.116944433,0,0,1.8082953,0,0,0,0,0.123046875,,,
2.354265,1060,,,,-0.0234375,0.013671875,-1,0.005941071,-0.019281753,15.46333408,0.137405739,0,0,2.124750851,0,0,0,0,0.123046875,,,
2.396765,1060,,,,-0.017578125,0.0390625,-0.99609375,0.008539852,-0.020076455,15.46369457,0.1601922,0,0,2.477163255,0,0,0,0,0.125,,,
2.44269,1060,,,,-0.01953125,0.005859375,-1.044921875,0.008708163,-0.021207129,15.46314526,0.156704479,0,0,2.423144121,0,0,0,0,0.1328125,,,
2.47523,1066,,,,-0.1171875,0.400390625,-1.287109375,0.008086771,-0.021704087,15.46250343,0.145543763,4,0,2.250470928,0.003564761,0.158400679,6.088510708,0.009644242,0.15234375,,,
2.507465,1066,,,,-0.0078125,-0.087890625,-0.88671875,0.007135661,-0.022626394,15.46480274,0.139684388,851,0,2.1601915,0.636018681,29.44269901,0.035575046,0.010474254,0.173828125,,,
2.539375,1066,,,,-0.0625,0.07421875,-1.046875,0.006401522,-0.023928633,15.46545696,0.15664106,1128,0,2.422525566,0.756180399,31.21454774,0.03164408,0.009877557,0.185546875,,,
2.574315,1066,,,,-0.04296875,0.044921875,-1,0.007033056,-0.024868358,15.46320343,0.174840638,1201,0,2.703596346,0.884191976,32.7042895,0.028125518,0.009198251,0.189453125,,,
2.605525,1066,,,,0,0.00390625,-1.005859375,0.008359269,-0.024371588,15.46181965,0.169957825,1238,0,2.627857239,1.083383512,41.22687855,0.022495809,0.00927432,0.19140625,,,
2.636675,1066,,,,-0.01953125,0.0390625,-0.99609375,0.008323734,-0.026462069,15.462183,0.170845606,1272,0,2.641646031,1.108470892,41.96137101,0.023872588,0.010017265,0.189453125,,,
2.666495,1066,,,,0,-0.033203125,-1.001953125,0.007137628,-0.026808809,15.46444511,0.165617549,1295,0,2.561183495,0.968116399,37.79957197,0.027691721,0.010467352,0.185546875,,,
2.7048,1072,,,,0.0078125,-0.015625,-0.984375,0.006736456,-0.026775427,15.46199989,0.161412903,1313,0,2.495766292,0.926106297,37.10709213,0.028911829,0.010728339,0.185546875,,,
2.738805,1072,,,,-0.0234375,0.00390625,-1.013671875,0.00596085,-0.026930491,15.462183,0.151314356,1328,0,2.33965027,0.829196401,35.44104055,0.032477819,0.011510477,0.1875,25.1875,,
2.77168,1072,,,,-0.03125,0,-0.978515625,0.005918569,-0.029363781,15.4614563,0.191708529,1340,0,2.964093036,0.830552612,28.02046367,0.035354511,0.009906498,0.189453125,,,
2.81296,1072,,,,-0.03515625,0.037109375,-0.982421875,0.007391974,-0.028271147,15.46120167,0.1914422,1354,0,2.959926463,1.047836863,35.40077352,0.026980485,0.0095513,0.193359375,,,
2.843015,1072,,,,-0.046875,0.041015625,-1.015625,0.009481636,-0.030084532,15.46257496,0.203091198,1390,0,3.140312868,1.380618787,43.96437059,0.021790615,0.009580107,0.193359375,,,
2.876525,1079,,,,-0.041015625,0.015625,-1.013671875,0.008459669,-0.02839894,15.46400261,0.188512513,1420,0,2.915157986,1.257719675,43.14413425,0.022579705,0.009741818,0.19140625,,,
2.91122,1079,,,,-0.0234375,0.013671875,-0.9921875,0.006663252,-0.031258279,15.46363831,0.17617231,1437,0,2.724264876,1.002644495,36.80422209,0.031175834,0.011474023,0.189453125,,,
2.94645,1079,,,,-0.017578125,0.04296875,-1.0078125,0.006462942,-0.033144888,15.462183,0.189489075,1445,0,2.929914755,0.978309808,33.39038471,0.033879746,0.011312578,0.185546875,,,
2.977075,1079,,,,-0.01953125,-0.00390625,-0.95703125,0.007179985,-0.03239326,15.46000004,0.224889466,1461,0,3.476791148,1.098881421,31.6061959,0.029478394,0.009316999,0.185546875,,,
3.0077,1079,,,,-0.025390625,0.01953125,-0.994140625,0.009608982,-0.030484386,15.46200085,0.223180481,1487,0,3.450816791,1.496114631,43.35537706,0.020375702,0.008833963,0.1875,,,
3.04168,1085,,,,-0.041015625,0.02734375,-0.98046875,0.009587408,-0.033579928,15.46119976,0.212438294,1511,0,3.284550897,1.517133645,46.18998739,0.022133797,0.010223598,0.1875,,,
3.0765,1085,,,,-0.04296875,-0.015625,-1.029296875,0.008849674,-0.037807571,15.46109295,0.198366919,1534,0,3.066969368,1.421175242,46.33809704,0.026603032,0.012327339,0.1875,,,
3.11239,1085,,,,-0.03515625,0.041015625,-0.9765625,0.007828441,-0.038909547,15.46166706,0.228958481,1546,0,3.540079805,1.267569546,35.80624211,0.030696183,0.01099115,0.185546875,,,
3.143925,1085,,,,-0.03125,0.048828125,-1.033203125,0.008543757,-0.036754429,15.462183,0.251190075,1566,0,3.883946904,1.401152015,36.0754678,0.026231579,0.009463165,0.185546875,,,
3.177315,1085,,,,-0.041015625,0.044921875,-1.021484375,0.010610055,-0.035378238,15.46119976,0.251012513,1597,0,3.880954599,1.774139097,45.71398741,0.019941073,0.00911586,0.18359375,,,
3.208665,1085,,,,-0.017578125,0.015625,-1.015625,0.00987599,-0.033976203,15.46000099,0.245863372,1621,0,3.801047969,1.67659891,44.10885955,0.020264956,0.008938641,0.181640625,,,
3.242205,1085,,,,-0.009765625,0.0234375,-1.01953125,0.00897376,-0.033874254,15.46181965,0.228995466,1642,0,3.540686592,1.542683036,43.5701663,0.021958013,0.009567143,0.1796875,,,
3.27756,1085,,,,-0.0078125,0.025390625,-1.009765625,0.008245218,-0.033092474,15.46254635,0.217898169,1652,0,3.369260532,1.426060248,42.32561521,0.023205523,0.00982188,0.1796875,,,
3.309425,1085,,,,-0.04296875,0.029296875,-0.994140625,0.007821064,-0.03246433,15.46166706,0.219599747,1660,0,3.395378177,1.359298546,40.0337893,0.02388315,0.00956133,0.1796875,,,
3.341665,1085,,,,0.009765625,0.009765625,-1.03125,0.007541258,-0.033581005,15.46177864,0.225296372,1664,0,3.483482628,1.314465729,37.73424097,0.025547266,0.009640067,0.181640625,,,
3.373295,1085,,,,-0.017578125,-0.0234375,-0.970703125,0.007134184,-0.035926722,15.46109295,0.219673731,1667,0,3.39639598,1.245545943,36.67257736,0.028844157,0.010577896,0.185546875,,,
3.415315,1085,,,,-0.05078125,0.021484375,-0.970703125,0.006984696,-0.038122006,15.46240044,0.216832825,1669,0,3.352755969,1.22042075,36.40052428,0.031236773,0.011370349,0.19140625,,,
3.454935,1091,,,,-0.046875,0.046875,-0.99609375,0.007047537,-0.043117968,15.46320248,0.218134903,1670,0,3.373064179,1.23245507,36.53814468,0.034985428,0.012783026,0.193359375,,,
3.495675,1091,,,,-0.0234375,0.037109375,-1.025390625,0.007207588,-0.047571583,15.46233463,0.22082045,1671,0,3.414399696,1.261167987,36.93674142,0.037720259,0.013932635,0.19921875,,,
3.538655,1104,,,,-0.03125,0.03125,-0.98828125,0.007093604,-0.052274432,15.46085835,0.241804921,1672,0,3.738511633,1.241683877,33.21332121,0.04209963,0.013982685,0.205078125,,,
3.574705,1104,,,,-0.02734375,0.005859375,-1.009765625,0.009277748,-0.05293706,15.45938492,0.272496888,1687,0,4.212634274,1.639141286,38.91012557,0.032295605,0.012566261,0.2109375,,,
3.609795,1110,,,,-0.125,0.109375,-0.939453125,0.010638334,-0.049230604,15.46160126,0.318395325,1710,0,4.922901558,1.904900217,38.69466401,0.025844191,0.010000323,0.224609375,,,
3.642535,1110,,,,-0.0625,0.158203125,-0.9921875,0.012217446,-0.044589459,15.457201,0.3633172,1750,0,5.61586699,2.238769966,39.86508174,0.019916945,0.007939906,0.232421875,25.1875,,
3.67624,1110,,,,0.009765625,0.046875,-1.009765625,0.015406167,-0.041460185,15.45890903,0.363938638,1803,0,5.6260943,2.908093062,51.68937645,0.014256829,0.007369266,0.234375,,,
3.706835,1110,,,,-0.025390625,0.009765625,-1.01171875,0.014304166,-0.037117698,15.45818138,0.39145995,1851,0,6.051258916,2.772800201,45.82187343,0.013386359,0.00613388,0.232421875,,,
3.73954,1110,,,,0.009765625,-0.021484375,-0.994140625,0.017032482,-0.044168417,15.45959949,0.374059388,1901,0,5.782808319,3.391192424,58.64265659,0.01302445,0.007637884,0.228515625,,,
3.772825,1110,,,,-0.025390625,0.041015625,-1.013671875,0.015424774,-0.048455285,15.45800018,0.383825013,1943,0,5.933167114,3.138288571,52.89398579,0.015440035,0.00816685,0.2265625,,,
3.803415,1110,,,,0.01953125,-0.025390625,-1.009765625,0.014288663,-0.051898994,15.45745564,0.362163075,1980,0,5.598119669,2.963096687,52.9302134,0.01751512,0.00927079,0.22265625,,,
3.833675,1110,,,,-0.04296875,0.05078125,-1.0234375,0.013757353,-0.054164649,15.45800018,0.360387513,2006,0,5.570870235,2.889505717,51.86812105,0.018745299,0.009722834,0.21875,,,
3.864315,1110,,,,-0.041015625,0.064453125,-1.044921875,0.012743171,-0.052850914,15.457201,0.3398797,2024,0,5.253588841,2.701384588,51.41979454,0.01956438,0.010059964,0.21484375,,,
3.89889,1110,,,,-0.009765625,0.005859375,-1.0859375,0.011942949,-0.055919885,15.45920086,0.338903138,2033,0,5.239171675,2.542337094,48.52555426,0.021995464,0.010673421,0.212890625,,,
3.933645,1123,,,,-0.03515625,0.056640625,-0.982421875,0.011102668,-0.056715663,15.45854568,0.339968481,2040,0,5.255418298,2.372082455,45.1359401,0.023909651,0.010791846,0.208984375,,,
3.965335,1123,,,,-0.0625,0.0546875,-1.0234375,0.011260477,-0.05786965,15.45781803,0.334641763,2046,0,5.172831479,2.41318924,46.65122476,0.023980569,0.011187229,0.208984375,,,
3.99884,1123,,,,-0.0078125,0.01171875,-1.001953125,0.011124298,-0.056918485,15.45854568,0.367045888,2052,0,5.673995625,2.390343185,42.12804067,0.023811846,0.010031464,0.208984375,,,
4.02921,1123,,,,-0.072265625,-0.017578125,-1.009765625,0.011558387,-0.057871104,15.45490932,0.503764638,2068,0,7.785636798,2.502966315,32.14851116,0.023121008,0.00743306,0.212890625,,,
4.06268,1123,,,,-0.017578125,0.05859375,-1.033203125,0.017902642,-0.06338233,15.45559978,0.45316095,2113,0,7.003874282,3.961315993,56.55892487,0.016000322,0.00904961,0.21875,,,
4.09325,1123,,,,-0.05078125,0.0234375,-1.005859375,0.017517418,-0.06294799,15.45527363,0.447834232,2157,0,6.921400595,3.956590447,57.16459252,0.015909655,0.00909469,0.22265625,,,
4.130125,1123,,,,-0.03125,0.015625,-0.982421875,0.016120981,-0.065144027,15.45760155,0.449742981,2186,0,6.951947804,3.69016496,53.08102224,0.017653419,0.009370615,0.22265625,,,
4.16218,1129,,,,-0.0625,0.083984375,-0.9765625,0.015628623,-0.067954559,15.45800304,0.461298981,2211,0,7.13076105,3.618633871,50.74681154,0.018779064,0.009529776,0.228515625,,,
4.194335,1129,,,,-0.017578125,-0.0078125,-0.994140625,0.015181755,-0.068825339,15.457201,0.403356263,2232,0,6.234758827,3.548958495,56.92214557,0.019393109,0.011038974,0.2421875,,,
4.22911,1129,,,,-0.03125,0.01171875,-1.01953125,0.014022409,-0.069125075,15.45599937,0.461594888,2243,0,7.134410301,3.294114838,46.17220904,0.020984416,0.009688968,0.24609375,,,
4.271085,1129,,,,-0.087890625,0.15625,-1.015625,0.014325589,-0.07134658,15.45672703,0.482457825,2255,0,7.457218904,3.382412466,45.35755902,0.0210934,0.009567451,0.251953125,,,
4.30116,1129,,,,-0.0390625,-0.103515625,-0.96875,0.016709022,-0.072133367,15.45685768,0.481062749,2285,0,7.43571844,3.998985048,53.78074869,0.018037919,0.009700928,0.267578125,,,
4.33505,1135,,,,0.259765625,-0.302734375,-1.0703125,0.015516152,-0.07317504,15.4552002,0.454137513,2305,0,7.018786173,3.745748847,53.36747345,0.01953549,0.010425598,0.28125,,,
4.371915,1135,,,,0.275390625,-0.13671875,-1.12890625,0.015297156,-0.073600766,15.45854473,0.452273169,2317,0,6.991485009,3.712075994,53.09424235,0.019827387,0.010527201,0.283203125,,,
4.406765,1135,,,,0.0703125,-0.662109375,-1.103515625,0.014373899,-0.074072041,15.4543314,0.484085419,2325,0,7.481216495,3.500197311,46.78647267,0.021162247,0.009901069,0.30078125,,,
4.44035,1135,,,,-0.03515625,0.0390625,-1.001953125,0.015289469,-0.077235397,15.45309162,0.561470636,2342,0,8.676457185,3.750377641,43.22475823,0.020594032,0.00890172,0.310546875,,,
4.47508,1135,,,,-0.017578125,0.1640625,-1.009765625,0.01898342,-0.076933184,15.45527267,0.514418074,2377,0,7.950471602,4.725959974,59.44251122,0.016278848,0.009676556,0.314453125,,,
4.514305,1135,,,,-0.0625,-0.01171875,-1.01171875,0.01722658,-0.080768859,15.45400238,0.491246888,2396,0,7.59173057,4.322484498,56.93674793,0.018685749,0.010639058,0.31640625,,,
4.553415,1135,,,,-0.0625,0,-0.9609375,0.016607305,-0.080814086,15.45490932,0.493111231,2411,0,7.620989369,4.192832987,55.01691164,0.019274339,0.010604146,0.318359375,25.1875,,
4.59308,1135,,,,-0.046875,0.02734375,-1.009765625,0.01590686,-0.082458786,15.45566559,0.501175263,2422,0,7.745997267,4.034359687,52.08315403,0.020439126,0.010645341,0.318359375,,,
4.6406,1142,,,,0.0078125,-0.029296875,-0.97265625,0.015959147,-0.08250832,15.4553833,0.492974647,2422,0,7.619112133,4.04835646,53.13422862,0.020380695,0.010829125,0.31640625,,,
4.67328,1142,,,,-0.01171875,-0.033203125,-1.021484375,0.015704255,-0.083174502,15.45399761,0.5117547,2438,0,7.908655913,4.010126988,50.70554381,0.020741114,0.010516895,0.310546875,,,
4.7057,1142,,,,-0.04296875,0.0703125,-0.96875,0.015753851,-0.084203253,15.45359993,0.548864075,2446,0,8.481925832,4.035574653,47.57851853,0.020865245,0.009927374,0.310546875,,,
4.736605,1142,,,,-0.041015625,-0.046875,-0.994140625,0.016437748,-0.083817371,15.45309067,0.572124013,2459,0,8.841084243,4.232071981,47.8682463,0.01980528,0.00948044,0.30859375,,,
4.770535,1142,,,,-0.041015625,0.001953125,-0.990234375,0.019093364,-0.085626825,15.45160103,0.576207825,2482,0,8.903333422,4.962262651,55.73488508,0.017255601,0.009617389,0.306640625,,,
4.801535,1142,,,,-0.04296875,-0.00390625,-1.0078125,0.018790033,-0.087183547,15.45309067,0.545490512,2501,0,8.429514337,4.92036802,58.37071773,0.017718908,0.010342654,0.302734375,,,
4.83184,1142,,,,-0.0078125,0.02734375,-0.97265625,0.017796511,-0.088292308,15.4527998,0.525426575,2514,0,8.119311672,4.685311942,57.70577767,0.018844489,0.010874359,0.298828125,,,
4.86215,1142,,,,-0.03125,0.001953125,-1.00390625,0.016794261,-0.089000163,15.45480061,0.536168763,2520,0,8.286381316,4.432761998,53.49454519,0.020077812,0.010740534,0.296875,,,
4.896545,1148,,,,-0.025390625,0.021484375,-1.01171875,0.016794166,-0.089395737,15.45309067,0.544602701,2523,0,8.41579491,4.437818781,52.73202149,0.020144071,0.010622376,0.29296875,,,
4.93103,1148,,,,0.01171875,0.052734375,-1.00390625,0.016481846,-0.089587413,15.45440197,0.534215638,2527,0,8.255983201,4.361566941,52.82916443,0.02054019,0.010851211,0.287109375,,,
4.96304,1148,,,,-0.0078125,0.00390625,-0.962890625,0.016424679,-0.089231682,15.45236301,0.585440763,2528,0,9.046443199,4.347381279,48.05624911,0.020525387,0.009863731,0.283203125,,,
4.997625,1160,,,,-0.03125,-0.015625,-1.013671875,0.017573308,-0.089402898,15.45236301,0.610742637,2541,0,9.437416936,4.675285145,49.53988127,0.019122448,0.009473238,0.27734375,,,
5.029305,1160,,,,0.0078125,-0.005859375,-0.990234375,0.019952133,-0.091278739,15.45054531,0.608523139,2561,0,9.40201433,5.35131199,56.91665426,0.017057264,0.009708424,0.275390625,,,
5.061275,1160,,,,-0.0625,0.029296875,-1.015625,0.019643388,-0.093684382,15.45090866,0.668448576,2579,0,10.32813789,5.304896198,51.36352995,0.017659984,0.009070791,0.271484375,,,
5.09561,1167,,,,-0.052734375,-0.021484375,-0.91015625,0.020480086,-0.094806441,15.44920063,0.7305047,2610,0,11.28571367,5.597159195,49.59508417,0.016938314,0.008400571,0.271484375,,,
5.13043,1167,,,,0.01953125,0.017578125,-1.03515625,0.0236879,-0.095312552,15.44872665,0.728817889,2650,0,11.25930834,6.573404874,58.38195984,0.014499723,0.008465223,0.271484375,,,
5.162845,1173,,,,-0.080078125,0.1171875,-1.1015625,0.023388659,-0.099723956,15.44966602,0.744502076,2689,0,11.50230843,6.585403738,57.25288779,0.01514318,0.008669908,0.271484375,,,
5.196355,1173,,,,-0.0078125,0.01953125,-1.037109375,0.02359823,-0.102939376,15.44800091,0.790075013,2730,0,12.20507951,6.745712806,55.26971618,0.01525997,0.008434142,0.26953125,,,
5.23163,1173,,,,-0.03515625,0.03515625,-0.98828125,0.024803076,-0.106540302,15.44763756,0.814045199,2770,0,12.57507519,7.194877616,57.21538444,0.014807799,0.008472339,0.271484375,,,
5.2666,1173,,,,-0.03515625,0.056640625,-1.029296875,0.025403788,-0.111553332,15.4472723,0.829137513,2813,0,12.80791293,7.482343381,58.41969274,0.014908876,0.00870972,0.2734375,,,
5.298855,1173,,,,-0.03515625,0,-1.001953125,0.025447942,-0.113853445,15.44633389,0.824661621,2854,0,12.73799874,7.605306433,59.70566169,0.014970264,0.008938095,0.27734375,,,
5.330075,1173,,,,-0.23828125,0.0625,-1.056640625,0.025416237,-0.116602597,15.44872761,0.817152449,2887,0,12.6239656,7.683776925,60.86658638,0.015175167,0.009236606,0.283203125,,,
5.363885,1179,,,,-0.0078125,-0.03125,-1.03125,0.024731799,-0.118665807,15.4484005,0.807164856,2909,0,12.46940597,7.534155648,60.42112726,0.015750379,0.009516557,0.294921875,,,
5.39476,1179,,,,-0.080078125,0.052734375,-0.990234375,0.023831961,-0.120918917,15.44839954,0.80472345,2926,0,12.43168938,7.30347825,58.7488798,0.016556347,0.009726668,0.30859375,,,
5.42902,1179,,,,-0.072265625,0.04296875,-1.046875,0.023968041,-0.122381254,15.44649982,0.843175598,2939,0,13.02411173,7.37567625,56.630935,0.016592547,0.009396514,0.3203125,25.1875,,
5.46492,1179,,,,0.052734375,-0.06640625,-1.00390625,0.023687977,-0.123234805,15.44600105,0.867711731,2955,0,13.40267632,7.329219386,54.68474515,0.016814179,0.009194791,0.330078125,,,
5.49739,1179,,,,-0.16796875,0.25,-1.04296875,0.026023334,-0.124463094,15.44763756,0.873526701,2979,0,13.49392387,8.11894662,60.1674257,0.015329956,0.00922364,0.34375,,,
5.530105,1179,,,,-0.03515625,-0.1484375,-1.017578125,0.02505446,-0.126978573,15.45090866,0.862429389,2997,0,13.32531771,7.863772648,59.01377225,0.016147284,0.009529122,0.357421875,,,
5.56316,1179,,,,0.14453125,0.068359375,-1.00390625,0.025311833,-0.128413667,15.44763565,0.858878263,3012,0,13.26763848,7.983766288,60.17473494,0.016084347,0.009678713,0.369140625,,,
5.61036,1179,,,,-0.16015625,0.017578125,-0.99609375,0.024560887,-0.12945351,15.44618225,0.850444325,3017,0,13.13611804,7.758718249,59.06401133,0.016684909,0.009854777,0.380859375,,,
5.64825,1179,,,,0.068359375,-0.013671875,-1.01171875,0.024107215,-0.130223983,15.4474659,0.838903138,3026,0,12.95892761,7.640086046,58.95615962,0.017044832,0.010048978,0.396484375,,,
5.689895,1186,,,,-0.046875,0.060546875,-1.0078125,0.024222108,-0.131291662,15.44676876,0.845288345,3031,0,13.0569736,7.689359234,58.89082318,0.017074461,0.01005529,0.416015625,,,
5.742245,1192,,,,-0.046875,0.048828125,-1.001953125,0.023966028,-0.13130243,15.44646168,0.843034753,3033,0,13.021904,7.612266591,58.45740063,0.017248796,0.010083198,0.4296875,,,
5.77661,1198,,,,-0.02734375,0.046875,-1.009765625,0.02410221,-0.132424059,15.44533443,0.923538574,3046,0,14.26436214,7.688563193,53.90050475,0.017223512,0.00928356,0.451171875,,,
5.808765,1204,,,,-0.1328125,-0.00390625,-0.98828125,0.027267882,-0.133473324,15.44436359,0.974290201,3070,0,15.0472921,8.767005878,58.26301382,0.015224505,0.008870255,0.4765625,,,
5.84082,1204,,,,0.20703125,-0.22265625,-0.958984375,0.027548459,-0.136487,15.44109249,1.024006077,3095,0,15.81177255,8.927316568,56.45993541,0.015288693,0.008631986,0.490234375,,,
5.87605,1204,,,,-0.03515625,0.033203125,-0.998046875,0.028795263,-0.139352126,15.44120216,1.19534845,3131,0,18.45761707,9.440992004,51.1495713,0.014760327,0.007549844,0.5078125,,,
5.906285,1204,,,,-0.150390625,0.07421875,-0.955078125,0.034157636,-0.143618158,15.43633556,1.204707214,3198,0,18.59626481,11.43746923,61.50412114,0.012556813,0.007722957,0.525390625,,,
5.93807,1204,,,,-0.009765625,-0.017578125,-0.974609375,0.035286353,-0.149602113,15.44080067,1.114293763,3246,0,17.20558787,11.99535851,69.7178068,0.012471667,0.008694972,0.55078125,,,
5.97097,1204,,,,0.087890625,-0.0078125,-1.005859375,0.031503268,-0.153259035,15.44000053,1.086950013,3277,0,16.78250877,10.81133316,64.42024435,0.014175776,0.009132069,0.580078125,,,
6.00159,1204,,,,-0.09375,0.017578125,-0.986328125,0.030763859,-0.155859207,15.44200134,1.102575013,3296,0,17.02596482,10.61740461,62.36007601,0.014679596,0.009154207,0.607421875,,,
6.03327,1211,,,,-0.21875,0.134765625,-1.02734375,0.030174336,-0.157392992,15.44072914,1.071946451,3311,0,16.5516348,10.46186779,63.20745906,0.015044445,0.009509211,0.638671875,,,
6.064525,1211,,,,0.0625,0.015625,-0.96875,0.029802414,-0.15824762,15.43920135,1.096715638,3322,0,16.93241356,10.36728384,61.22744288,0.015264135,0.00934584,0.66796875,,,
6.100065,1211,,,,0.21875,-0.060546875,-1.0390625,0.029727489,-0.159892319,15.44040108,1.126012513,3328,0,17.38608481,10.35869661,59.58038697,0.015435564,0.009196568,0.703125,,,
6.13224,1211,,,,-0.09765625,0.0390625,-1.015625,0.030258999,-0.159887312,15.43733501,1.182327577,3345,0,18.2519869,10.60046152,58.07839757,0.015083052,0.008759995,0.740234375,,,
6.163055,1211,,,,-0.125,0.072265625,-1.0078125,0.032257303,-0.16206752,15.43760109,1.1680047,3367,0,18.03119063,11.37409871,63.08013121,0.014248823,0.008988176,0.78125,,,
6.19889,1217,,,,-0.134765625,0.0703125,-0.93359375,0.031848525,-0.164649763,15.43840218,1.147496888,3386,0,17.71551845,11.29198397,63.74063509,0.014581119,0.009294098,0.8203125,,,
6.23065,1223,,,,0.04296875,0.00390625,-1.05078125,0.031024306,-0.1665816,15.44033432,1.148961731,3398,0,17.74035325,11.03806201,62.22008013,0.015091562,0.009389982,0.849609375,,,
6.26439,1223,,,,0.017578125,0.07421875,-1.037109375,0.030953581,-0.167308838,15.43720245,1.20316095,3406,0,18.57343917,11.04197237,59.45033802,0.015152079,0.009007962,0.876953125,,,
6.29643,1223,,,,0.166015625,-0.138671875,-0.962890625,0.031881407,-0.167991173,15.4348011,1.313512513,3425,0,20.27380438,11.4337549,56.39669148,0.014692564,0.00828612,0.896484375,,,
6.330785,1230,,,,-0.03515625,-0.021484375,-1.224609375,0.033530838,-0.169705866,15.43333435,1.366789409,3456,0,21.09411794,12.13372611,57.52184633,0.013986294,0.008045175,0.90625,,,
6.362325,1236,,,,-0.04296875,0.1640625,-1.1328125,0.036545232,-0.174448234,15.43520164,1.3398797,3494,0,20.68131335,13.3700966,64.64819897,0.013047642,0.008435066,0.912109375,25.1875,,
6.39371,1236,,,,0.0078125,-0.07421875,-0.984375,0.035890668,-0.178073551,15.43378067,1.491029927,3527,0,23.01222886,13.25714246,57.60911965,0.013432273,0.007738214,0.9140625,,,
6.431505,1242,,,,-0.103515625,0.01171875,-0.94140625,0.037195236,-0.18137151,15.42945576,1.53048689,3567,0,23.61457976,13.8920672,58.82834817,0.013055761,0.007680489,0.9140625,,,
6.465145,1255,,,,-0.017578125,0.052734375,-1.029296875,0.039841141,-0.187610675,15.43033314,1.544469544,3619,0,23.83167958,15.0987109,63.35563067,0.012425609,0.007872323,0.90625,,,
6.497795,1255,,,,-0.025390625,-0.04296875,-0.98046875,0.040361446,-0.193905834,15.42981815,1.5273797,3666,0,23.56719102,15.49322051,65.74063278,0.012515528,0.008227787,0.904296875,,,
6.52947,1255,,,,-0.04296875,0.076171875,-0.931640625,0.038716993,-0.197173319,15.41600037,1.932653138,3714,0,29.79378148,15.05992474,50.54720814,0.013092583,0.006617935,0.90234375,,,
6.56686,1261,,,,0,0.064453125,-1.154296875,0.046914984,-0.202323107,15.42254639,1.945525953,3798,0,30.00496425,18.65794102,62.18284704,0.010843807,0.006742988,0.8984375,,,
6.604005,1261,,,,-0.1015625,0.0546875,-0.75,0.04952873,-0.214456096,15.42433453,1.803665468,3876,0,27.82033955,20.10514707,72.26779903,0.010666726,0.007708608,0.8984375,,,
6.63955,1267,,,,-0.0390625,0.3125,-1.107421875,0.044595535,-0.222456957,15.42033386,1.907018372,3927,0,29.40685998,18.33878196,62.36225825,0.012130411,0.007564798,0.91015625,,,
6.67932,1267,,,,-0.09765625,0.15234375,-0.845703125,0.045932629,-0.227330699,15.42066669,1.879756042,3974,0,28.98709139,19.11276162,65.93542402,0.011894184,0.00784248,0.927734375,,,
6.716125,1274,,,,0.078125,-0.0703125,-1.220703125,0.045228807,-0.233523237,15.41753674,1.9570672,4012,0,30.17315545,19.00303327,62.97993362,0.012288735,0.007739437,0.947265625,,,
6.75814,1280,,,,-0.240234375,0.154296875,-0.73046875,0.046209193,-0.236230392,15.41699982,2.081171938,4059,0,32.08542739,19.6438314,61.22353043,0.012025678,0.007362545,0.9765625,,,
6.79787,1299,,,,-0.02734375,0.052734375,-1.02734375,0.048020996,-0.244198195,15.41661644,2.037445732,4098,0,31.41051937,20.60616693,65.60275774,0.011850734,0.007774408,1.001953125,,,
6.845495,1299,,,,0.0859375,-0.197265625,-1.173828125,0.047403996,-0.24848474,15.41230869,2.221490332,4116,0,34.23829476,20.43236663,59.67694005,0.012161329,0.007257509,1.03515625,,,
6.87885,1299,,,,-0.080078125,0.03515625,-0.8671875,0.05122854,-0.255518768,15.4024992,2.656835266,4223,0,40.92190306,22.65276221,55.35608199,0.011279806,0.006244059,1.0625,,,
6.913455,1305,,,,0.0078125,0.01953125,-1.259765625,0.061312059,-0.266256021,15.40363789,2.772940823,4359,0,42.71337632,27.98763092,65.52427679,0.009513346,0.006233551,1.07421875,,,
6.94666,1305,,,,-0.0625,-0.001953125,-0.79296875,0.061521282,-0.28003554,15.40618229,2.555433699,4436,0,39.36947739,28.5765803,72.58562264,0.009799477,0.007113011,1.06640625,,,
6.981035,1305,,,,-0.025390625,0.001953125,-1.09765625,0.056926847,-0.289297372,15.40581989,2.563423821,4482,0,39.49164569,26.72007668,67.66007394,0.010826966,0.007325533,1.056640625,,,
7.012015,1305,,,,-0.0625,0.0625,-0.865234375,0.054982661,-0.294400856,15.40145493,2.715678641,4526,0,41.82540218,26.06027647,62.30729441,0.01129692,0.007038805,1.044921875,,,
7.04658,1311,,,,-0.0703125,0.025390625,-1.1875,0.058128214,-0.300014004,15.40400124,2.618688294,4564,0,40.33827771,27.78402452,68.87756765,0.010798076,0.007437452,1.029296875,,,
7.087175,1318,,,,-0.03515625,-0.01953125,-0.853515625,0.056132635,-0.304328493,15.40218258,2.84218783,4591,0,43.77589589,26.98932472,61.65339207,0.011275884,0.006951965,1.0234375,,,
7.12318,1324,,,,0.1953125,-0.33203125,-1.09375,0.057687879,-0.308497286,15.40085697,2.79063315,4619,0,42.97814201,27.90377596,64.92550551,0.011055754,0.007178004,1.015625,,,
7.156715,1330,,,,-0.080078125,-0.19921875,-1.09375,0.057721786,-0.312771609,15.3930912,2.991779515,4661,0,46.05273492,28.17378126,61.17721631,0.011101513,0.006791597,1.005859375,,,
7.18936,1336,,,,0.017578125,-0.078125,-1.048828125,0.061652149,-0.318023642,15.39272785,3.1680047,4718,0,48.76423418,30.46174968,62.46740093,0.010440098,0.006521658,0.994140625,,,
7.231725,1336,,,,-0.03515625,0.025390625,-1.001953125,0.06392148,-0.32673952,15.3920002,3.312861391,4765,0,50.99156319,31.89907285,62.55755041,0.010242916,0.006407717,0.982421875,,,
7.26834,1336,,,,-0.041015625,-0.0625,-0.939453125,0.066141042,-0.33672606,15.38066769,3.556188294,4853,0,54.69655038,33.61311635,61.45381402,0.010017698,0.006156258,0.9609375,25.1875,,
7.300375,1336,,,,0.017578125,0.009765625,-0.966796875,0.069490072,-0.347960325,15.39527321,3.406818577,4931,0,52.44890277,35.88226551,68.41375819,0.009697279,0.006634273,0.935546875,,,
7.3343,1336,,,,0.009765625,0.046875,-1.068359375,0.067070238,-0.358416363,15.3909111,3.307386824,4972,0,50.90369659,34.92010308,68.6003285,0.010263898,0.007041067,0.916015625,,,
7.365295,1343,,,,-0.0625,0.08984375,-1.00390625,0.064639007,-0.362273198,15.39080238,3.366735169,4997,0,51.81675566,33.8241966,65.27656192,0.010710475,0.00699143,0.904296875,,,
7.39688,1343,,,,-0.103515625,0.0546875,-1.072265625,0.064245168,-0.36465122,15.39054775,3.215057322,5003,0,49.48149324,33.66085833,68.02716758,0.010833093,0.007369447,0.89453125,,,
7.43057,1343,,,,-0.01953125,-0.021484375,-0.97265625,0.063039562,-0.366055032,15.39400005,3.266637513,5010,0,50.28661804,33.07553959,65.77403866,0.011067243,0.007279373,0.88671875,,,
7.464315,1343,,,,0.03125,0.025390625,-1.0546875,0.062806747,-0.36731961,15.38000107,3.531996199,5024,0,54.32210531,33.04624997,60.83389033,0.011115319,0.006761881,0.876953125,,,
7.496425,1349,,,,-0.0625,0.10546875,-0.8671875,0.067065793,-0.370827928,15.38508987,3.473402449,5052,0,53.43860885,35.4816045,66.39694645,0.010451273,0.006939326,0.8671875,,,
7.5291,1355,,,,-0.052734375,0.06640625,-0.9765625,0.066993875,-0.374389712,15.3876009,3.438512513,5070,0,52.91045823,35.56682096,67.22077667,0.010526375,0.007075911,0.857421875,,,
7.56332,1362,,,,-0.025390625,-0.02734375,-1.0234375,0.066004427,-0.377576758,15.38254642,3.632315823,5083,0,55.87426678,35.13417144,62.88077404,0.01074671,0.006757615,0.845703125,,,
7.59711,1362,,,,-0.0078125,-0.052734375,-0.96875,0.067635359,-0.379245847,15.36763573,3.85159845,5117,0,59.18996195,36.23955389,61.22584421,0.01046497,0.006407266,0.837890625,,,
7.631055,1368,,,,0.166015625,-0.169921875,-0.984375,0.074867607,-0.384277183,15.36581802,4.023828694,5173,0,61.82941947,40.55348325,65.58929972,0.009475812,0.006215119,0.828125,,,
7.66709,1381,,,,-0.0703125,0.078125,-1.01953125,0.07644291,-0.393841228,15.36872864,4.129474827,5240,0,63.46477803,41.94479769,66.0914589,0.009389513,0.006205666,0.818359375,,,
7.70474,1387,,,,-0.1015625,0.048828125,-0.98046875,0.077353331,-0.405672758,15.3676672,4.004593321,5284,0,61.54125742,42.80656809,69.55751294,0.009476881,0.006591883,0.80859375,,,
7.73936,1387,,,,-0.017578125,-0.072265625,-1.041015625,0.074186855,-0.411420887,15.35100079,4.684524723,5348,0,71.91214271,41.54419241,57.77076144,0.009903211,0.00572116,0.796875,,,
7.77575,1393,,,,0,0.0078125,-0.93359375,0.084182484,-0.421963072,15.34733295,4.884313294,5440,0,74.96118237,47.96055162,63.98051644,0.008798128,0.005629088,0.787109375,,,
7.821925,1406,,,,0.046875,-0.10546875,-1.08203125,0.08655502,-0.439516133,15.34800148,4.772674271,5455,0,73.25101178,49.4397204,67.49356658,0.00888994,0.006000137,0.78125,,,
7.860295,1412,,,,-0.095703125,0.037109375,-0.95703125,0.084895567,-0.4529123,15.35040188,4.822301575,5559,0,74.02426716,49.41784987,66.75898563,0.009164954,0.00611843,0.7734375,,,
7.90127,1418,,,,0.015625,-0.005859375,-1.05078125,0.084738306,-0.460508272,15.33833313,5.316848942,5624,0,81.55160028,49.90545803,61.19494635,0.009227613,0.005646833,0.765625,,,
7.94518,1418,,,,-0.0078125,-0.01953125,-0.953125,0.090465567,-0.471929152,15.33413315,5.52770538,5707,0,84.7625703,54.0643507,63.78328371,0.008729027,0.00556766,0.76171875,,,
7.977925,1418,,,,-0.0625,0,-1.056640625,0.093655241,-0.488650522,15.32743073,5.587786862,5813,0,85.64641603,57.00796931,66.56200219,0.008571618,0.00570544,0.76171875,,,
8.011185,1431,,,,-0.03515625,0.017578125,-0.90625,0.094338337,-0.500922853,15.33236408,5.594762513,5892,0,85.7809358,58.20323645,67.85101597,0.008606443,0.005839559,0.7578125,,,
8.0471,1437,,,,-0.025390625,0.154296875,-1.078125,0.09297224,-0.510593881,15.33479881,5.444860169,5931,0,83.49583525,57.74044087,69.15367778,0.008842916,0.006115202,0.755859375,,,
8.07922,1437,,,,-0.10546875,0.029296875,-0.978515625,0.090838661,-0.517021491,15.33200169,5.691604802,5952,0,87.26369441,56.6187857,64.88240738,0.009131625,0.005924818,0.755859375,,,
8.114655,1443,,,,-0.03125,0.072265625,-1.04296875,0.092236273,-0.519406997,15.31066704,6.279983708,6005,0,96.15073955,57.99857433,60.32046618,0.008955513,0.005402007,0.7578125,,,
8.148045,1450,,,,0.0625,0.0546875,-1.046875,0.101823188,-0.5310146,15.31480122,6.306188294,6078,0,96.57802015,64.80490894,67.10109489,0.008194049,0.005498297,0.7578125,25.1875,,
8.182655,1456,,,,-0.025390625,0.07421875,-1.0390625,0.100900415,-0.546243481,15.31777763,6.215422341,6127,0,95.20645731,64.73485009,67.99418013,0.008438167,0.005737463,0.755859375,,,
8.21443,1456,,,,0,0.052734375,-1.017578125,0.098597468,-0.553210907,15.29890823,6.822124192,6188,0,104.371052,63.89394877,61.2180749,0.008658268,0.005300425,0.75,,,
8.24764,1462,,,,-0.125,0.1875,-0.880859375,0.105438901,-0.5631113,15.29818153,6.867844769,6250,0,105.065536,69.01286387,65.68553922,0.008159512,0.00535962,0.748046875,,,
8.284095,1462,,,,0.025390625,-0.0234375,-1.111328125,0.10741768,-0.578585376,15.29480171,7.006383606,6321,0,107.161248,71.10301802,66.35142774,0.008137283,0.005399203,0.751953125,,,
8.317735,1469,,,,0.115234375,-0.08984375,-0.994140625,0.107587592,-0.591644871,15.29433441,7.101110169,6369,0,108.6067536,71.76168226,66.07478805,0.008244579,0.005447588,0.748046875,,,
8.351655,1475,,,,-0.052734375,0.09765625,-0.80859375,0.107929854,-0.598141398,15.29273033,6.892702767,6420,0,105.4082447,72.55708958,68.83435903,0.008243735,0.005674522,0.74609375,,,
8.387035,1481,,,,-0.052734375,-0.017578125,-1.1640625,0.107195092,-0.608725257,15.29127216,7.285547444,6448,0,111.4052888,72.38153987,64.97136773,0.008409952,0.005464061,0.73828125,,,
8.422575,1487,,,,0.052734375,-0.025390625,-1.041015625,0.107960156,-0.614819372,15.28566456,7.530390927,6493,0,115.1070297,73.40920942,63.77474044,0.008375235,0.005341284,0.73828125,,,
8.45709,1487,,,,-0.017578125,0.140625,-1.03125,0.112505498,-0.624952361,15.27309227,7.875923821,6550,0,120.2897112,77.16377373,64.14827415,0.008099038,0.005195393,0.7421875,,,
8.49209,1487,,,,-0.142578125,0.19921875,-1.015625,0.116323452,-0.637320853,15.27345562,8.035280892,6607,0,122.7265061,80.47867607,65.57562717,0.007919127,0.005193017,0.7421875,,,
8.53119,1487,,,,-0.025390625,-0.197265625,-1.01171875,0.117068215,-0.650028547,15.26866817,8.110631653,6658,0,123.8385434,81.62346605,65.9111968,0.007963746,0.005249,0.7421875,,,
8.56294,1494,,,,0.09375,-0.0703125,-1.015625,0.116956905,-0.659095149,15.27433395,7.925084778,6704,0,121.0503915,82.11196869,67.83288155,0.008026785,0.0054448,0.744140625,,,
8.595285,1494,,,,-0.103515625,0.171875,-0.947265625,0.114747708,-0.666365165,15.27418232,7.834641644,6719,0,119.6677449,80.7362945,67.46704768,0.008253601,0.005568461,0.74609375,,,
8.63058,1500,,,,0.04296875,0.00390625,-1.029296875,0.1144905,-0.670423422,15.26640034,8.145055481,6735,0,124.3456777,80.75079503,64.94057252,0.008302375,0.00539161,0.75,,,
8.672445,1506,,,,0.03515625,0.01171875,-0.958984375,0.1168219,-0.672876768,15.26466751,8.228632637,6752,0,125.6073413,82.60709182,65.76613355,0.008145508,0.005356986,0.748046875,,,
8.70525,1513,,,,-0.033203125,-0.16015625,-0.892578125,0.11928574,-0.680197072,15.25428581,8.461322495,6797,0,129.0714317,84.91133998,65.78631605,0.008010674,0.005269927,0.7578125,,,
8.738065,1513,,,,-0.20703125,0.19921875,-1.025390625,0.122149092,-0.687599215,15.26000023,8.300328919,6832,0,126.6630212,87.39647224,68.99920072,0.007867585,0.005428571,0.765625,,,
8.77718,1519,,,,-0.0078125,0.12109375,-0.98046875,0.11985465,-0.69397083,15.24436378,8.963015267,6867,0,136.6354653,86.18541752,63.07690123,0.008052068,0.005078995,0.775390625,,,
8.81425,1525,,,,0.0234375,0.02734375,-1.16015625,0.126194074,-0.701523729,15.24738503,9.062310883,6924,0,138.1765432,91.49946362,66.21924494,0.007666971,0.00507701,0.783203125,,,
8.84673,1531,,,,-0.28125,0.15234375,-1.1328125,0.126638173,-0.715518991,15.24300003,9.017206856,6969,0,137.4492844,92.42574611,67.2435266,0.007741555,0.005205695,0.791015625,,,
8.884125,1531,,,,0.025390625,-0.0234375,-1.03515625,0.127228431,-0.724789007,15.23679924,9.319371888,7011,0,141.9973985,93.41121216,65.78374896,0.007759122,0.005104241,0.80078125,,,
8.926515,1538,,,,-0.0625,0.06640625,-0.994140625,0.129973214,-0.73392205,15.22430611,9.814639756,7053,0,149.42108,95.99538507,64.24487435,0.007645389,0.00491177,0.818359375,,,
8.968005,1544,,,,0.08203125,-0.001953125,-1.029296875,0.134226634,-0.743564003,15.2323103,9.665150353,7111,0,147.2225692,99.95646431,67.89479686,0.007438879,0.005050612,0.837890625,,,
9.0106,1544,,,,-0.2109375,0.17578125,-0.92578125,0.132517755,-0.75557348,15.22430801,9.878116318,7143,0,150.3874854,99.12382933,65.91228589,0.007622521,0.005024178,0.86328125,,,
9.050765,1544,,,,-0.0390625,0.177734375,-1.037109375,0.134661024,-0.763874993,15.21566772,10.32295293,7208,0,157.0706218,101.6427749,64.71151242,0.007515291,0.004863258,0.892578125,,,
9.082375,1550,,,,0.0546875,-0.169921875,-0.94140625,0.13771052,-0.773981599,15.21672726,10.15131445,7278,0,154.4697832,104.957794,67.94713622,0.007374217,0.00501057,0.91015625,25.1875,,
9.11515,1550,,,,-0.009765625,0.1875,-1.037109375,0.136848919,-0.783810921,15.22200012,10.09427423,7309,0,153.6550436,104.7448789,68.16885175,0.007483048,0.005101108,0.935546875,,,
9.153945,1563,,,,-0.025390625,-0.12890625,-0.923828125,0.135261946,-0.789831489,15.21560192,10.31839533,7323,0,157.0005957,103.7287805,66.06903625,0.007614391,0.005030755,0.962890625,,,
9.188965,1563,,,,-0.0078125,0.158203125,-1.01171875,0.137164546,-0.795277782,15.2098484,10.41710348,7348,0,158.4425647,105.5387869,66.6101228,0.007535408,0.005019344,0.998046875,,,
9.222075,1563,,,,-0.177734375,0.04296875,-1.041015625,0.138579724,-0.801683425,15.204669,10.7013709,7366,0,162.7108024,106.894469,65.69598788,0.007499765,0.004927045,1.03125,,,
9.254245,1569,,,,0.09765625,-0.095703125,-1.046875,0.13992158,-0.808327478,15.19400024,11.33841486,7413,0,172.2758781,108.6187408,63.04930326,0.007441879,0.004692053,1.06640625,,,
9.288675,1569,,,,-0.103515625,0.130859375,-0.669921875,0.147008072,-0.820911014,15.19240093,11.10745783,7457,0,168.7489526,114.7942495,68.02664415,0.007151151,0.004864688,1.10546875,,,
9.324,1575,,,,0.017578125,-0.34375,-0.96484375,0.145250094,-0.83074572,15.18999958,11.15506525,7485,0,169.4454364,113.8458191,67.18730317,0.007297112,0.004902733,1.14453125,,,
9.35965,1582,,,,-0.0078125,0.20703125,-0.97265625,0.145075936,-0.839413464,15.18909073,11.29566831,7514,0,171.5709308,114.1552644,66.535318,0.007353261,0.004892516,1.189453125,,,
9.394965,1588,,,,-0.09375,0.10546875,-1.056640625,0.146871829,-0.84672666,15.1813345,11.62503595,7546,0,176.4835593,116.0629126,65.76414999,0.007295411,0.004797765,1.24609375,,,
9.427535,1588,,,,-0.080078125,0.2890625,-0.755859375,0.149058651,-0.853915591,15.17527485,11.98281259,7591,0,181.8424745,118.489574,65.16055958,0.007206673,0.004695908,1.3046875,,,
9.460205,1594,,,,0,-0.11328125,-1.220703125,0.151300411,-0.862362584,15.16363811,12.0458457,7635,0,182.6588449,120.962257,66.22304937,0.007129187,0.004721165,1.361328125,,,
9.493925,1594,,,,-0.0703125,0.15625,-0.75390625,0.153186151,-0.871683964,15.16200066,12.26663751,7674,0,185.986766,123.0979072,66.18637974,0.007081225,0.004686806,1.41796875,,,
9.52842,1601,,,,-0.0078125,-0.296875,-1.3203125,0.155370257,-0.882660544,15.1574564,12.51725931,7710,0,189.7298122,125.4462023,66.11834002,0.007036168,0.004652197,1.470703125,,,
9.560385,1601,,,,-0.10546875,0.45703125,-0.765625,0.155131846,-0.895141349,15.15527344,12.49684019,7751,0,189.3930301,125.9146169,66.48323688,0.007109114,0.004726369,1.513671875,,,
9.593545,1613,,,,-0.103515625,-0.177734375,-1.17578125,0.156301861,-0.902854697,15.14509201,12.9487216,7782,0,196.10958,127.3805724,64.95377349,0.007087852,0.004603828,1.552734375,,,
9.62779,1613,,,,0.04296875,-0.291015625,-0.921875,0.158183382,-0.913525348,15.14360046,12.86868829,7824,0,194.878274,129.6022617,66.5042126,0.007048684,0.004687672,1.58203125,,,
9.662625,1619,,,,-0.177734375,0.146484375,-1.03515625,0.159816833,-0.921392359,15.14327335,13.05259294,7850,0,197.6589829,131.3706087,66.46326254,0.007013687,0.004661525,1.6015625,,,
9.694955,1619,,,,0.087890625,-0.275390625,-0.984375,0.159761117,-0.929893194,15.12466717,13.57165022,7903,0,205.2666924,132.2257411,64.4165595,0.007032619,0.004530171,1.609375,,,
9.72876,1619,,,,-0.16796875,0.15234375,-1.078125,0.166625325,-0.944791595,15.12680054,13.67288751,7946,0,206.8270422,138.6548296,67.03902359,0.006813983,0.004568027,1.60546875,,,
9.764135,1626,,,,-0.20703125,-0.037109375,-0.98046875,0.166177013,-0.956457993,15.12072849,13.76548357,7993,0,208.1441396,139.0912986,66.82450866,0.006876476,0.004595171,1.59765625,,,
9.79621,1632,,,,0.0390625,-0.064453125,-0.96875,0.167644695,-0.968038567,15.13309097,13.62476987,8025,0,206.184882,140.8814214,68.32771639,0.0068713,0.004695003,1.59375,,,
9.832145,1638,,,,0.03125,0,-0.931640625,0.165356637,-0.975878227,15.12036514,14.02027769,8044,0,211.991718,139.2836104,65.70238295,0.007006411,0.004603379,1.583984375,,,
9.87065,1645,,,,0.0390625,0.0859375,-1.22265625,0.166664912,-0.980661514,15.10945511,14.38471288,8070,0,217.3451736,140.843529,64.8017744,0.006962773,0.004512,1.58203125,,,
9.905445,1651,,,,0.017578125,-0.427734375,-0.73828125,0.170836864,-0.989465693,15.10830879,14.64749689,8115,0,221.298906,145.1847696,65.60573307,0.006815217,0.004471173,1.5859375,,,
9.938605,1657,,,,-0.04296875,-0.0234375,-1.357421875,0.174109827,-1.00077749,15.08222294,15.27466745,8170,0,230.3759398,148.9554378,64.65754972,0.006718637,0.004344106,1.583984375,,,
9.978395,1664,,,,-0.0703125,-0.119140625,-1.109375,0.178463729,-1.014434949,15.07911205,15.35333414,8229,0,231.5146458,153.7863029,66.42616597,0.006596393,0.004381731,1.57421875,25.1875,,
10.028465,1664,,,,0.046875,0.021484375,-0.953125,0.181453391,-1.037639602,15.06953812,15.8501708,8248,0,238.854753,156.7345991,65.61920882,0.006620361,0.004344228,1.564453125,,,
10.070595,1670,,,,-0.07421875,0.298828125,-1.04296875,0.184156506,-1.057568854,15.0607996,16.21260042,8319,0,244.1747259,160.4283902,65.7022915,0.006592155,0.004331197,1.544921875,,,
10.120885,1676,,,,-0.0546875,0.0703125,-0.78515625,0.186639744,-1.076562232,15.06171513,16.12629099,8321,0,242.8896009,162.6343957,66.95815513,0.006619524,0.004432311,1.5234375,,,
10.15576,1682,,,,-0.0625,0.041015625,-1.033203125,0.186042766,-1.091237298,15.05670547,16.58740968,8447,0,249.7517422,164.5716604,65.89409906,0.006630773,0.004369288,1.515625,,,
10.19259,1689,,,,-0.1953125,0.16796875,-1.09375,0.188455595,-1.101778622,15.04618263,17.08224458,8508,0,257.0225718,167.9028628,65.32611578,0.006562,0.0042867,1.50390625,,,
10.227645,1695,,,,0.09375,-0.23828125,-1.150390625,0.190324185,-1.109311385,15.03366852,17.09012384,8553,0,256.9272568,170.4601426,66.34568272,0.006507746,0.004317609,1.5,,,
10.260665,1695,,,,0.04296875,-0.041015625,-1.060546875,0.193943783,-1.124276119,15.03127384,17.25092287,8602,0,259.3033456,174.6944547,67.37069059,0.006435671,0.004335756,1.486328125,,,
10.29474,1701,,,,-0.025390625,-0.15625,-0.96484375,0.194845173,-1.13192841,15.01345539,18.29762048,8659,0,274.7105089,176.6802975,64.31508507,0.006406648,0.004120441,1.48046875,,,
10.326765,1701,,,,-0.0703125,0.115234375,-1.033203125,0.201502508,-1.147508769,15.0181818,17.83952493,8717,0,267.9172287,183.9430706,68.65667859,0.006238391,0.004283072,1.470703125,,,
10.36348,1701,,,,-0.197265625,0.041015625,-0.994140625,0.199808506,-1.166199664,15.00639915,18.4648797,8752,0,277.0913551,183.1329885,66.09119525,0.006368048,0.004208719,1.462890625,,,
10.397245,1708,,,,0.0703125,0.041015625,-1.0078125,0.201096241,-1.171194765,15.00599957,18.45120783,8789,0,276.8788166,185.0912617,66.8491956,0.006327661,0.004229991,1.447265625,,,
10.42971,1708,,,,0.01953125,0.087890625,-0.728515625,0.202127554,-1.185065761,15.00909138,18.04726572,8816,0,270.8730603,186.6003035,68.88846876,0.006350824,0.004374986,1.43359375,,,
10.46613,1714,,,,0.025390625,-0.048828125,-1.03515625,0.20068588,-1.192289903,15.00640106,18.58304376,8827,0,278.8646077,185.5053358,66.52164911,0.006427254,0.004275515,1.41796875,,,
10.497475,1714,,,,0.03515625,-0.046875,-1.021484375,0.201863813,-1.196060969,14.99666595,18.69738359,8853,0,280.3984159,187.152997,66.74538312,0.006390819,0.004265577,1.40625,,,
10.532315,1714,,,,-0.025390625,-0.1015625,-1.14453125,0.204124249,-1.204297657,14.98960304,19.03470392,8874,0,285.3226558,189.6863043,66.48133277,0.006348891,0.004220827,1.400390625,,,
10.566095,1720,,,,-0.017578125,-0.029296875,-1.17578125,0.206517965,-1.204527022,14.98300076,19.16084261,8908,0,287.0869192,192.6421177,67.10236683,0.006252667,0.004195688,1.390625,,,
10.60088,1720,,,,-0.125,0.181640625,-0.998046875,0.208184208,-1.21379133,14.98945522,19.02116556,8933,0,285.1169094,194.7562694,68.30751279,0.006232361,0.004257171,1.3828125,,,
10.63435,1726,,,,-0.046875,0.01171875,-1.08984375,0.206162521,-1.223592009,14.9818182,19.49435396,8950,0,292.0608669,193.2283201,66.16029122,0.006332364,0.00418951,1.369140625,,,
10.66668,1726,,,,-0.052734375,0.10546875,-0.958984375,0.2081701,-1.231826866,14.97818375,19.45085306,8975,0,291.3384511,195.6464985,67.15436899,0.006296187,0.004228164,1.35546875,,,
10.7066,1739,,,,0.125,-0.1328125,-0.798828125,0.21002253,-1.235230409,14.97559929,19.55521173,8984,0,292.8510149,197.5835403,67.46896211,0.006251687,0.004217948,1.341796875,,,
10.74157,1745,,,,-0.125,0.00390625,-1.017578125,0.210812446,-1.240147224,14.96428776,19.98196954,9010,0,299.0159422,198.9073099,66.52063713,0.0062348,0.004147428,1.333984375,,,
10.775125,1752,,,,0.025390625,0.1015625,-1.171875,0.2136705,-1.249563689,14.93891048,20.7288186,9043,0,309.6659656,202.3338089,65.33937579,0.006175753,0.004035199,1.3359375,,,
10.80795,1758,,,,-0.177734375,0.314453125,-1.265625,0.217667111,-1.259431131,14.93680096,21.63333673,9113,0,323.1328448,207.7165042,64.28207704,0.006063221,0.003897565,1.333984375,,,
10.84244,1758,,,,-0.0078125,0.013671875,-0.8359375,0.223809245,-1.286005513,14.93466854,21.45251054,9172,0,320.3861343,214.9692997,67.0969423,0.005982275,0.004013924,1.328125,,,
10.880255,1770,,,,0.26953125,0.1875,-0.974609375,0.225255893,-1.300283229,14.91760063,22.36429376,9232,0,333.6216028,217.7700929,65.27457787,0.005970899,0.003897479,1.322265625,25.25,,
10.91528,1777,,,,0.1328125,0.669921875,-0.9296875,0.230007644,-1.317942519,14.92327309,22.2345006,9288,0,331.8115243,223.7192113,67.42358083,0.005891057,0.003971961,1.326171875,,,
10.95224,1777,,,,-0.171875,0.146484375,-1.080078125,0.229493356,-1.332794186,14.9098177,22.62024278,9333,0,337.2636961,224.2875825,66.50214211,0.005942345,0.003951787,1.3203125,,,
10.98803,1777,,,,0.0703125,-0.013671875,-0.689453125,0.230807662,-1.341701094,14.89300156,23.38040704,9402,0,348.2044385,227.2587239,65.26588946,0.005903849,0.003853199,1.31640625,,,
11.027915,1783,,,,0.0703125,0.1171875,-1.232421875,0.237060605,-1.367070502,14.88899994,23.45690508,9458,0,349.2498582,234.7883333,67.22646488,0.005822566,0.003914305,1.314453125,,,
11.071875,1783,,,,-0.0078125,0.02734375,-0.900390625,0.237730161,-1.385800163,14.89292336,23.30171938,9488,0,347.0307207,236.2119541,68.06658317,0.005866766,0.003993307,1.30859375,,,
11.112505,1783,,,,-0.125,0.25390625,-1.064453125,0.23570124,-1.39826417,14.87800312,23.94227953,9507,0,356.2133095,234.6577853,65.87563661,0.005958738,0.003925356,1.298828125,,,
11.15533,1789,,,,-0.03125,-0.080078125,-0.857421875,0.240004072,-1.411201661,14.87885761,23.68732614,9530,0,352.4403529,239.5295433,67.96314365,0.005891556,0.004004087,1.28125,,,
11.190045,1796,,,,0.03125,-0.2421875,-0.91796875,0.239418224,-1.420656461,14.879076,23.72727365,9549,0,353.039908,239.41842,67.81624812,0.005933781,0.004024068,1.263671875,,,
11.22537,1802,,,,0.115234375,0.017578125,-1.1484375,0.238777861,-1.418862459,14.87033367,23.89269609,9558,0,355.2923632,238.9929048,67.26654709,0.005936839,0.003993507,1.248046875,,,
11.26086,1802,,,,-0.0234375,0.125,-0.822265625,0.239431881,-1.423446317,14.84800053,25.09893579,9588,0,372.6690118,240.3999014,64.5076177,0.00592116,0.003819599,1.244140625,,,
11.29479,1802,,,,0,0.078125,-1.025390625,0.24688916,-1.433143404,14.84100056,25.23546953,9632,0,374.5196173,249.015407,66.48928267,0.00575524,0.003826618,1.234375,,,
11.33091,1808,,,,-0.1875,0.412109375,-0.873046875,0.249353875,-1.445855837,14.83960152,25.31693048,9677,0,375.69316,252.6758592,67.2559115,0.005722176,0.003848502,1.228515625,,,
11.36614,1814,,,,-0.025390625,0.26171875,-1.28515625,0.249053843,-1.458517227,14.84333324,25.29853792,9705,0,375.5146289,253.1215027,67.40656241,0.005762123,0.003884049,1.2265625,,,
11.40523,1814,,,,0.080078125,0.1484375,-0.763671875,0.248580056,-1.469447072,14.82633305,25.76484651,9726,0,381.9981953,253.1754465,66.27660802,0.005804066,0.003846738,1.22265625,,,
11.442535,1821,,,,-0.09375,-0.16796875,-1.32421875,0.251292014,-1.479979134,14.82166767,26.19290704,9753,0,388.2225635,256.6577531,66.11098303,0.005766353,0.003812192,1.232421875,,,
11.483665,1821,,,,-0.0078125,0.03125,-0.728515625,0.254931737,-1.491588245,14.82266712,25.97399492,9787,0,385.0038805,261.2859272,67.86579057,0.005708644,0.003874216,1.23828125,,,
11.529545,1827,,,,0.125,-0.201171875,-1.15234375,0.254374303,-1.499655008,14.81714439,26.75756998,9802,0,396.470778,261.1069818,65.85781255,0.00574345,0.003782511,1.23046875,,,
11.57005,1833,,,,-0.103515625,0.041015625,-1.01171875,0.258260477,-1.513051875,14.81733418,26.68395586,9846,0,395.385091,266.2755484,67.34587481,0.005682279,0.00382678,1.22265625,,,
11.612555,1833,,,,0.1171875,0.185546875,-0.775390625,0.258091782,-1.524236283,14.79784584,27.35783357,9866,0,404.8370037,266.6419971,65.86403778,0.005716415,0.003765062,1.2109375,,,
11.661975,1846,,,,0.046875,-0.23828125,-1.1640625,0.262522155,-1.536578931,14.79057121,27.77668161,9870,0,410.8329874,271.3307394,66.04404897,0.005663121,0.003740155,1.203125,,,
11.695005,1846,,,,-0.205078125,0.173828125,-0.880859375,0.264552752,-1.557210601,14.7972517,27.76059503,9947,0,410.7805121,275.5691568,67.08428192,0.005650889,0.003790858,1.201171875,,,
11.730545,1852,,,,0.087890625,-0.126953125,-1.00390625,0.263777172,-1.567962122,14.76200104,29.06351251,10004,0,429.0356019,276.3283832,64.40686553,0.005674271,0.00365462,1.201171875,,,
11.76585,1852,,,,0.017578125,-0.0390625,-0.833984375,0.271914493,-1.577702498,14.76889038,28.74092073,10042,0,424.4715077,285.9505176,67.36624541,0.005517397,0.003716863,1.197265625,,,
11.79766,1858,,,,-0.087890625,0.20703125,-0.85546875,0.270373577,-1.591631535,14.75839996,29.12259454,10077,0,429.8028982,285.3039322,66.38017877,0.005578723,0.003703166,1.1953125,25.3125,,
11.830275,1858,,,,0,-0.0390625,-1.12109375,0.271004938,-1.598404808,14.76240063,29.40775079,10104,0,434.1289988,286.7426524,66.05010336,0.005574353,0.003681866,1.193359375,,,
11.864905,1858,,,,0.09375,0.287109375,-1.005859375,0.27189806,-1.606629005,14.75800133,29.31400079,10122,0,432.6160626,288.2010468,66.61820299,0.005574681,0.003713753,1.185546875,,,
11.898385,1858,,,,-0.0078125,-0.09765625,-1.08203125,0.272429234,-1.610342567,14.74533463,29.84199495,10146,0,440.0302014,289.4649352,65.78296995,0.00556317,0.003659618,1.1796875,,,
11.93224,1865,,,,-0.0078125,0.013671875,-1.005859375,0.276415051,-1.619834626,14.75090981,29.49968118,10167,0,435.1471364,294.3027607,67.63293059,0.005503974,0.003722499,1.173828125,,,
11.96603,1865,,,,0.177734375,-0.125,-0.814453125,0.273732151,-1.620967453,14.75563622,29.44996423,10180,0,434.5529588,291.819767,67.15401682,0.005554687,0.003730195,1.171875,,,
11.99992,1865,,,,-0.052734375,0.05078125,-0.8359375,0.272791936,-1.624256744,14.74320221,30.17972345,10189,0,444.9457655,291.0548526,65.41355716,0.005580586,0.00365046,1.1640625,,,
12.03432,1871,,,,-0.16796875,0.26953125,-1,0.276270389,-1.627586955,14.74618435,30.21345873,10209,0,445.5332322,295.3547526,66.292418,0.005510617,0.003653121,1.1640625,,,
12.0706,1871,,,,-0.2578125,0.244140625,-1.060546875,0.277009135,-1.640585824,14.75090885,29.96709985,10221,0,442.0419585,296.4986515,67.07477554,0.005533198,0.00371138,1.16015625,,,
12.10696,1877,,,,0.0703125,-0.3046875,-1.0078125,0.276029866,-1.640786115,14.74499989,30.22204179,10223,0,445.6240028,295.4995141,66.3113998,0.005552585,0.003681997,1.15234375,,,
12.139395,1877,,,,0.0390625,-0.2265625,-1.224609375,0.27739135,-1.636943332,14.73381901,30.42475099,10246,0,448.2727745,297.6204237,66.39270567,0.005500104,0.003651668,1.1484375,,,
12.173785,1884,,,,-0.041015625,-0.044921875,-0.923828125,0.279068477,-1.636202472,14.70909119,30.7199399,10260,0,451.8623972,299.8289982,66.35404939,0.005457119,0.003621019,1.142578125,,,
12.21147,1890,,,,-0.052734375,0,-1.01953125,0.279496868,-1.646999435,14.69066715,30.99800081,10279,0,455.3813123,300.8652808,66.06886858,0.005474209,0.003616748,1.140625,,,
12.24601,1890,,,,0.1171875,-0.0546875,-0.765625,0.280962748,-1.654307463,14.63199997,31.08182306,10303,0,454.7892341,303.1276808,66.65234313,0.005457461,0.003637526,1.138671875,,,
12.280725,1896,,,,-0.052734375,0.26171875,-0.869140625,0.28066035,-1.662410409,14.3448,31.17484064,10302,0,447.1968538,302.7728418,67.70460015,0.005490619,0.003717402,1.134765625,,,
12.31433,1903,,,,-0.025390625,0.21875,-1.046875,0.278083402,-1.662897783,14.41200161,31.2410695,10286,0,450.246344,299.5315212,66.52614178,0.005551662,0.003693307,1.1328125,,,
12.34966,1903,,,,-0.025390625,0.056640625,-0.990234375,0.277684916,-1.655002451,14.36833286,31.16116876,10283,0,447.7340452,299.0064259,66.78215095,0.005535006,0.003696396,1.126953125,,,
12.381215,1903,,,,0.0625,-0.1796875,-1.119140625,0.27803327,-1.650850833,14.26290894,31.0803811,10278,0,443.2966454,299.2446041,67.5043692,0.005516727,0.003724032,1.1171875,,,
12.420085,1909,,,,0.03125,-0.12109375,-0.91796875,0.276653968,-1.646773301,14.13720131,31.31741876,10271,0,442.7406535,297.5508827,67.20658706,0.005534426,0.003719499,1.115234375,,,
12.45823,1909,,,,0.015625,-0.142578125,-1.271484375,0.274644337,-1.639414662,14.17507553,31.23666544,10261,0,442.7820919,295.1067245,66.64829718,0.005555328,0.003702532,1.11328125,,,
12.49281,1909,,,,0.109375,0.052734375,-0.947265625,0.275007341,-1.640106203,14.09033489,31.16889925,10245,0,439.1802286,295.0500485,67.18199712,0.005558739,0.003734472,1.103515625,,,
12.52857,1915,,,,0.16796875,-0.09765625,-0.873046875,0.274712587,-1.640831342,13.97672939,31.1629445,10226,0,435.5560424,294.1734395,67.53974479,0.005577768,0.003767211,1.09765625,,,
12.56984,1915,,,,-0.087890625,0.1640625,-0.876953125,0.273253283,-1.633406155,13.95933533,31.18517656,10217,0,435.3243368,292.3537128,67.15767717,0.005587089,0.003752159,1.091796875,,,
12.613205,1921,,,,-0.1171875,0.01171875,-1.1015625,0.272454498,-1.619960184,13.87753963,31.22539682,10212,0,433.331682,291.3739995,67.24040997,0.005559728,0.003738384,1.08984375,,,
12.657175,1928,,,,-0.03125,-0.01171875,-0.958984375,0.27156306,-1.614340844,13.83415604,31.15478296,10202,0,431.0001287,290.1205268,67.31332719,0.00556438,0.003745569,1.08984375,,,
12.69683,1928,,,,-0.1875,-0.126953125,-1.00390625,0.271046081,-1.609122301,13.80000019,31.16442461,10195,0,430.0690655,289.3757124,67.28587002,0.005560668,0.003741544,1.08203125,25.3125,,
12.732975,1934,,,,0.041015625,0.01953125,-1.0546875,0.270566614,-1.610333737,13.65733337,31.27469415,10185,0,427.1289242,288.5784197,67.56236896,0.005580229,0.003770135,1.076171875,,,
12.767105,1934,,,,0.09765625,0.107421875,-0.943359375,0.268304813,-1.60344955,13.5530014,31.26574297,10174,0,423.7446583,285.8469102,67.45734832,0.00560947,0.003783999,1.06640625,,,
12.80096,1934,,,,-0.1875,0.09765625,-0.859375,0.266915425,-1.597058122,13.53079987,31.23294611,10155,0,422.606743,283.8377603,67.16356637,0.005626658,0.003779064,1.06640625,,,
12.834565,1940,,,,0.08203125,0.09765625,-1.0078125,0.266145248,-1.596927395,13.43900204,31.20714922,10140,0,419.3929419,282.6184124,67.3874985,0.005650472,0.003807712,1.060546875,,,
12.86913,1953,,,,-0.1015625,-0.056640625,-1.181640625,0.266095234,-1.594273434,13.41840076,31.07230158,10123,0,416.9405952,282.0871636,67.65644,0.005651705,0.003823742,1.056640625,,,
12.907375,1953,,,,0.080078125,-0.099609375,-1.029296875,0.265259119,-1.587783368,13.40727329,31.2539422,10116,0,419.0301445,281.0049087,67.06078605,0.005650376,0.003789187,1.052734375,,,
12.941025,1953,,,,0.04296875,0,-0.806640625,0.264575749,-1.58030154,13.13846016,31.25769777,10110,0,410.6780168,280.1229569,68.20987377,0.005641457,0.003848031,1.048828125,,,
12.97516,1959,,,,-0.04296875,0.220703125,-0.80859375,0.261524202,-1.578216793,13.02920055,31.28861017,10078,0,407.6655769,276.0036509,67.70344776,0.005718101,0.003871352,1.046875,,,
13.0085,1959,,,,-0.03515625,0.115234375,-1.142578125,0.259726477,-1.571362111,13.01133442,31.18273515,10047,0,405.7289952,273.2649584,67.35159716,0.005750324,0.003872935,1.041015625,,,
13.04735,1959,,,,0,-0.046875,-1.1875,0.259676171,-1.559662547,12.97360229,31.27445001,10033,0,405.7422765,272.8412721,67.24497,0.005716373,0.003843973,1.03515625,,,
13.08107,1959,,,,-0.015625,0.177734375,-0.765625,0.259715653,-1.547690329,12.88277149,31.18520708,10013,0,401.7518967,272.3185474,67.78276584,0.005683382,0.003852354,1.033203125,,,
13.11217,1959,,,,-0.01953125,0.009765625,-0.951171875,0.258504959,-1.534443142,12.86763573,31.11899919,10002,0,400.4279458,270.7635704,67.61854992,0.005667096,0.003832008,1.02734375,,,
13.15448,1965,,,,-0.115234375,0.05078125,-1.10546875,0.258034183,-1.525496176,12.8784008,31.10696954,10001,0,400.6080215,270.2323159,67.45554291,0.005645129,0.003807952,1.025390625,,,
13.18526,1965,,,,0.15625,-0.19921875,-1.005859375,0.25809798,-1.528590345,12.86771393,31.12419862,9998,0,400.4972841,270.2295888,67.47351342,0.005656636,0.003816731,1.0234375,,,
13.21765,1965,,,,-0.080078125,0.185546875,-0.7890625,0.258102509,-1.535914095,12.82680225,31.10257501,9987,0,398.9465793,269.9388136,67.66289716,0.00568986,0.003849924,1.021484375,,,
13.251125,1965,,,,-0.072265625,0.099609375,-0.994140625,0.25821435,-1.541405292,12.77640152,31.14798517,9974,0,397.959165,269.7013318,67.77110705,0.005715231,0.003873275,1.0234375,,,
13.284725,1965,,,,-0.1953125,-0.041015625,-1.2265625,0.25760991,-1.545460641,12.73200035,31.08615083,9963,0,395.7888833,268.7624618,67.90551052,0.005750285,0.00390476,1.0234375,,,
13.315875,1965,,,,-0.017578125,-0.197265625,-1.142578125,0.256799221,-1.540078635,12.68836403,31.18646974,9952,0,395.7052809,267.6392007,67.63599416,0.005754309,0.003891984,1.0234375,,,
13.347155,1965,,,,-0.0625,-0.03125,-0.8828125,0.256493575,-1.534539411,12.72440052,31.30423517,9942,0,398.3276263,267.0311946,67.03808045,0.005746667,0.003852455,1.01953125,,,
13.38004,1965,,,,-0.009765625,0.1640625,-0.87890625,0.256513183,-1.533960075,12.72039986,31.20560236,9933,0,396.9477397,266.8178554,67.21737616,0.005749091,0.003864388,1.015625,,,
13.413575,1965,,,,-0.125,0.083984375,-0.90234375,0.256774177,-1.529884697,12.70680046,31.1445672,9930,0,395.7478008,267.0026113,67.46786988,0.005729849,0.003865807,1.01171875,,,
13.448425,1965,,,,0.0078125,-0.015625,-1.232421875,0.256622007,-1.523747401,12.69890785,31.20688982,9921,0,396.2934181,266.6147569,67.27710952,0.005715165,0.003844998,1.0078125,,,
13.48739,1965,,,,-0.080078125,-0.10546875,-0.9609375,0.25692707,-1.523045306,12.70733547,31.18639726,9923,0,396.2960122,266.9857097,67.37027412,0.005704595,0.003843201,1.005859375,,,
13.51887,1965,,,,-0.0703125,0.033203125,-0.89453125,0.257193089,-1.515598583,12.70733547,31.27550859,9928,0,397.4283797,267.3920123,67.28055316,0.005668077,0.003813514,1.00390625,,,
13.55327,1965,,,,-0.072265625,0.1328125,-1.16796875,0.256763996,-1.515200155,12.74133301,31.11342592,9938,0,396.4265206,267.2021677,67.4026973,0.005670613,0.003822146,1,,,
13.59238,1959,,,,0.142578125,0.037109375,-1.095703125,0.256574498,-1.517554971,12.74920082,31.11478204,9942,0,396.6886048,267.1288503,67.33968333,0.005680985,0.003825557,0.998046875,25.4375,,
13.63504,1959,,,,-0.0546875,0.013671875,-0.73046875,0.256998283,-1.523431458,12.75080109,31.12845392,9526,0,396.912724,256.3693381,64.59085904,0.005942331,0.003838203,1,,,
13.67468,1959,,,,0.005859375,0.169921875,-1.03515625,0.25656902,-1.524770391,12.7850666,31.06904573,9812,0,397.219819,263.6227951,66.36697931,0.00578391,0.003838606,0.99609375,,,
13.71717,1959,,,,-0.125,0.044921875,-0.9375,0.256846791,-1.525789074,12.85933399,31.13268633,9892,0,400.3456115,266.0707646,66.46026757,0.005734524,0.00381118,0.994140625,,,
13.75383,1953,,,,0.14453125,-0.10546875,-0.935546875,0.257741699,-1.53025965,12.88314342,31.11268968,9948,0,400.8292435,268.5041899,66.98717576,0.005699202,0.003817735,0.99609375,,,
13.791155,1940,,,,-0.1328125,0.201171875,-0.96875,0.258037503,-1.534813572,12.89266872,31.08955354,9959,0,400.8273146,269.1134216,67.1394917,0.005703222,0.003829114,0.994140625,,,
13.824365,1928,,,,-0.0234375,-0.064453125,-1.25,0.258172137,-1.529525681,12.94433498,31.0195672,9975,0,401.5276689,269.6811596,67.16377985,0.005671607,0.003809266,0.990234375,,,
13.85872,1915,,,,0.03515625,-0.03515625,-0.8359375,0.25885861,-1.531960398,13.20727253,31.12077493,9998,0,411.0205559,271.0130781,65.9366239,0.005652718,0.003727211,0.990234375,,,
13.89273,1896,,,,-0.125,0.10546875,-0.923828125,0.261449008,-1.53632846,13.43054581,30.9196908,10019,0,415.2683236,274.3009184,66.05389886,0.005600887,0.003699604,0.990234375,,,
13.928585,1896,,,,-0.166015625,0.09765625,-0.96875,0.264071273,-1.551601383,13.65818214,30.910814,10049,0,422.1855278,277.8843393,65.82043225,0.005583623,0.003675165,0.9921875,,,
13.965185,1896,,,,0.109375,-0.26171875,-1.203125,0.267573494,-1.568967883,13.96166706,30.86697931,10074,0,430.9544883,282.275726,65.50012441,0.005558281,0.003640681,0.99609375,,,
13.997385,1890,,,,-0.052734375,0.048828125,-0.91796875,0.271071988,-1.586851262,14.30200195,31.03095979,10122,0,443.8048476,287.3323699,64.74295435,0.005522703,0.003575561,0.998046875,,,
14.029725,1890,,,,0.025390625,-0.00390625,-0.966796875,0.27570809,-1.593020002,14.38360119,31.06693048,10176,0,446.8543382,293.8162318,65.75212697,0.005421824,0.003564965,0.998046875,,,
14.064795,1890,,,,0.072265625,-0.181640625,-1.01953125,0.276302821,-1.606074867,14.48036289,31.03288431,10213,0,449.3674264,295.5049301,65.76020263,0.005435019,0.003574079,0.994140625,,,
14.09914,1884,,,,-0.1328125,0.333984375,-0.951171875,0.276642635,-1.619902036,14.60509109,31.10479517,10246,0,454.2883669,296.8376273,65.34123454,0.005457199,0.003565801,0.99609375,,,
14.136325,1884,,,,0.052734375,-0.22265625,-0.931640625,0.277222707,-1.627964277,14.6210928,31.24462099,10273,0,456.8305028,298.2374737,65.28405433,0.005458617,0.003563607,0.98828125,,,
14.167495,1884,,,,-0.1640625,-0.015625,-1.0703125,0.277387272,-1.634544797,14.65533447,30.99271173,10293,0,454.2085566,298.9891681,65.82640588,0.005466903,0.003598666,0.990234375,,,
14.20396,1884,,,,-0.072265625,0.095703125,-0.947265625,0.27675649,-1.635826227,14.71320152,31.01321954,10300,0,456.303749,298.510926,65.41934547,0.005479954,0.00358495,0.990234375,,,
14.234465,1884,,,,0.0078125,-0.111328125,-1.21875,0.276185704,-1.64494204,14.70866776,30.98742265,10292,0,455.7837044,297.6586288,65.30699231,0.00552627,0.003609041,0.998046875,,,
14.26735,1884,,,,-0.125,-0.0078125,-1.021484375,0.27635898,-1.656783531,14.71466732,30.89424104,10284,0,454.5984791,297.6268446,65.47026845,0.005566647,0.003644499,0.99609375,,,
14.30007,1884,,,,-0.0703125,0.1171875,-1.0390625,0.27627606,-1.659013219,14.71963596,30.79584474,10275,0,453.3036238,297.2586709,65.57606321,0.005581042,0.003659828,0.998046875,,,
14.3316,1884,,,,-0.134765625,0.142578125,-1.005859375,0.275743106,-1.657685916,14.71672726,30.87485857,10265,0,454.3768726,296.4102913,65.23445826,0.005592538,0.003648262,0.99609375,,,
14.362,1884,,,,-0.125,0.080078125,-0.974609375,0.275932703,-1.656899829,14.71080017,30.84622736,10258,0,453.7726867,296.39881,65.31878597,0.005590103,0.003651387,1,,,
14.392985,1884,,,,-0.0078125,-0.16015625,-1.140625,0.27633529,-1.655438137,14.72444534,30.72008867,10249,0,452.3362665,296.5843049,65.56721775,0.005581678,0.003659751,1.005859375,,,
14.429385,1884,,,,0.08203125,-0.16015625,-0.955078125,0.276421243,-1.644522722,14.71759987,30.77005548,10250,0,452.8613645,296.6979047,65.5162767,0.005542751,0.003631404,1.015625,,,
14.46125,1884,,,,0.0078125,0.234375,-0.99609375,0.27645798,-1.64192045,14.70909119,30.70751161,10247,0,451.6795884,296.6527658,65.67770016,0.005534823,0.003635144,1.017578125,,,
14.49617,1890,,,,0.0625,-0.20703125,-0.98046875,0.276071422,-1.636390487,14.70599842,30.76444025,10252,0,452.4218097,296.3740443,65.50834597,0.005521369,0.003616958,1.017578125,25.625,,
14.535265,1890,,,,0,0.248046875,-0.921875,0.276604821,-1.632858478,14.72640038,30.5273797,10257,0,449.5584159,297.0953851,66.08604679,0.005496075,0.003632139,1.0234375,,,
14.56666,1890,,,,0.0703125,-0.05859375,-0.810546875,0.275307932,-1.631027864,14.69200134,30.73148126,10263,0,451.506964,295.880405,65.53174781,0.005512457,0.003612409,1.01953125,,,
14.610895,1896,,,,-0.041015625,-0.20703125,-0.86328125,0.275805178,-1.626659587,14.65360069,31.0351922,10275,0,454.7773139,296.77108,65.25635095,0.005481193,0.003576827,1.021484375,,,
14.66881,1903,,,,0,0.078125,-1.130859375,0.277145039,-1.633900851,14.65057278,31.10571451,10285,0,455.7165342,298.4933939,65.49979462,0.005473826,0.003585345,1.029296875,,,
14.71128,1909,,,,-0.08203125,0.10546875,-0.955078125,0.276853084,-1.640932995,14.542799,31.20291681,10287,0,453.7777472,298.2264152,65.72081092,0.005502306,0.00361616,1.037109375,,,
14.75286,1915,,,,-0.013671875,-0.23046875,-1.13671875,0.27569219,-1.636682739,14.41938591,31.19234438,10284,0,449.774451,296.9160999,66.0144433,0.005512273,0.003638897,1.0390625,,,
14.78653,1915,,,,-0.125,0.232421875,-0.826171875,0.274230119,-1.642140339,14.27400112,31.01154489,10262,0,442.6588266,294.6968411,66.57426067,0.005572304,0.00370972,1.048828125,,,
14.8215,1915,,,,-0.025390625,-0.001953125,-0.841796875,0.272412421,-1.636931056,14.16920185,31.18509454,10246,0,441.8678993,292.2908973,66.14893224,0.005600349,0.003704571,1.048828125,,,
14.85436,1915,,,,-0.052734375,0.263671875,-0.97265625,0.272319384,-1.632213456,14.12333393,31.08141679,10229,0,438.9732284,291.6999526,66.4505108,0.005595522,0.003718253,1.048828125,,,
14.89007,1928,,,,-0.16015625,0.248046875,-1.0625,0.271492466,-1.624993297,14.10072899,31.06218118,10214,0,437.9993987,290.3920982,66.29965683,0.005595859,0.003710035,1.044921875,,,
14.922685,1928,,,,0.0078125,0.046875,-1.15234375,0.271511584,-1.617457627,14.10072708,31.10390634,10206,0,438.5876945,290.1863008,66.1638036,0.005573859,0.003687877,1.046875,,,
14.9574,1928,,,,-0.04296875,0.037109375,-0.98828125,0.271177785,-1.60535985,13.91679955,31.26370783,10201,0,435.0907548,289.6968647,66.58308904,0.005541516,0.003689713,1.044921875,,,
14.994065,1934,,,,-0.009765625,0.08203125,-0.96875,0.269676338,-1.607276181,13.82166767,31.16605158,10184,0,430.7668075,287.6143179,66.76798512,0.005588304,0.003731198,1.041015625,,,
15.027095,1934,,,,0.09375,0.013671875,-0.716796875,0.267204947,-1.603679131,13.79266739,31.19860429,10166,0,430.311972,284.4637898,66.10640844,0.005637551,0.003726783,1.0390625,,,
15.059955,1934,,,,-0.087890625,0.14453125,-0.865234375,0.266821564,-1.592424083,13.72880077,31.21097345,10153,0,428.4892364,283.6900981,66.20705351,0.005613252,0.003716369,1.037109375,,,
15.094965,1940,,,,-0.0625,0.021484375,-1.060546875,0.26625997,-1.587410784,13.66363811,31.1931283,10138,0,426.2116167,282.6772476,66.32321516,0.00561563,0.003724466,1.033203125,,,
15.129045,1940,,,,-0.03125,-0.09375,-1.255859375,0.265268492,-1.580596161,13.64800167,31.10923357,10126,0,424.5788717,281.2858382,66.25055013,0.005619181,0.003722739,1.025390625,,,
15.163145,1940,,,,-0.080078125,0.12109375,-1.03125,0.264971457,-1.582835325,13.61818314,31.16472025,10114,0,424.4068677,280.6459757,66.12663391,0.005639972,0.003729523,1.0234375,,,
15.195225,1940,,,,0.041015625,-0.15625,-0.931640625,0.265499111,-1.578891966,13.52763748,31.26725931,10104,0,422.972149,280.928077,66.41763002,0.005620271,0.003732851,1.029296875,,,
15.22868,1940,,,,0.0625,0.03515625,-0.818359375,0.264260948,-1.57407422,13.48639965,31.12845392,10096,0,419.8107701,279.3852194,66.5502744,0.005634064,0.003749485,1.03125,,,
15.259715,1940,,,,-0.240234375,0.34375,-0.990234375,0.26343859,-1.574583131,13.49527264,31.10701341,10083,0,419.7976269,278.1656401,66.26184195,0.005660595,0.003750815,1.03515625,,,
15.293075,1940,,,,-0.08203125,0.171875,-1.037109375,0.263370599,-1.569667824,13.5136013,31.11868829,10078,0,420.5255467,277.9659294,66.09965354,0.005646979,0.003732634,1.029296875,,,
15.326065,1940,,,,-0.10546875,0.021484375,-1.1953125,0.263386409,-1.571475394,13.50436306,31.30987329,10078,0,422.8198963,277.9819074,65.7447556,0.005653157,0.003716654,1.025390625,,,
15.356945,1940,,,,0.017578125,-0.083984375,-1.171875,0.263176245,-1.568894012,13.50266647,31.12102098,10075,0,420.2167666,277.6614185,66.07575912,0.005650385,0.003733535,1.021484375,,,
15.38908,1934,,,,-0.173828125,0.15234375,-0.8359375,0.262673967,-1.564983605,13.519557,31.16984911,10083,0,421.4025516,277.3453593,65.81482675,0.005642725,0.00371375,1.021484375,25.8125,,
15.42238,1934,,,,0.10546875,0.009765625,-1.04296875,0.263200379,-1.567841517,13.52133465,31.11668176,10080,0,420.7390673,277.8275384,66.03321631,0.005643219,0.003726399,1.01953125,,,
15.460805,1928,,,,0.052734375,0,-0.822265625,0.263377155,-1.570518521,13.61159992,31.07669611,10085,0,423.0035543,278.1569055,65.75758115,0.00564616,0.003712779,1.01953125,,,
15.49395,1921,,,,-0.234375,0.240234375,-0.958984375,0.263977825,-1.576911242,13.65033245,31.11396761,10083,0,424.7160017,278.74503,65.63092252,0.005657182,0.00371286,1.01953125,,,
15.53065,1915,,,,-0.0078125,-0.01953125,-1.1953125,0.265111455,-1.583604183,13.67527199,31.06573267,10088,0,424.8323437,280.0711563,65.92510209,0.005654292,0.003727598,1.02734375,,,
15.57099,1909,,,,-0.017578125,-0.021484375,-1.0625,0.265326504,-1.573708743,13.81033611,31.07653398,10091,0,429.1773795,280.3841418,65.33059643,0.005612688,0.003666803,1.021484375,,,
15.605955,1877,,,,0.046875,-0.099609375,-0.6953125,0.266634562,-1.575798659,13.97323132,31.11647195,10109,0,434.7976603,282.2665341,64.91905542,0.005582662,0.003624211,1.01953125,,,
15.648525,1865,,,,-0.1875,0.291015625,-1.01953125,0.268779756,-1.577929925,14.12066936,31.14163751,10135,0,439.7407668,285.270329,64.87238632,0.00553135,0.003588318,1.021484375,,,
15.690445,1858,,,,-0.02734375,-0.17578125,-1.203125,0.270198311,-1.584246406,14.61507797,30.16883058,10151,0,440.9198113,287.2094577,65.13870557,0.005515997,0.003593049,1.01953125,,,
15.730595,1852,,,,-0.130859375,0.25390625,-0.76171875,0.268583583,-1.600723658,14.78000164,28.69569749,10144,0,424.122456,285.3173937,67.2724091,0.005610326,0.003774202,1.015625,,,
15.77679,1852,,,,-0.0703125,-0.10546875,-1.275390625,0.260976539,-1.592721289,14.79538631,27.8746602,10120,0,412.4163661,276.5639299,67.0593974,0.005758962,0.003861926,1.015625,,,
15.81234,1846,,,,0,0.181640625,-0.75,0.257264412,-1.570324261,14.80533314,27.43818636,10041,0,406.2314897,270.5230285,66.59331819,0.005804771,0.00386559,1.0234375,,,
15.8458,1846,,,,-0.080078125,0.052734375,-1.193359375,0.254952824,-1.545454826,14.80899906,27.58857698,9995,0,408.5592106,266.8418823,65.31290333,0.00579165,0.003782695,1.03515625,,,
15.88026,1846,,,,-0.04296875,-0.078125,-1.115234375,0.255649309,-1.528884535,14.81400013,26.92044611,9970,0,398.7994921,266.9207169,66.93105738,0.00572786,0.003833717,1.03515625,,,
15.913545,1846,,,,0.025390625,-0.005859375,-0.734375,0.253668846,-1.52474024,14.81700039,27.19754572,9942,0,402.9860455,264.0945802,65.53442313,0.005773463,0.003783606,1.03515625,,,
15.946455,1840,,,,-0.0703125,0.212890625,-0.984375,0.253052685,-1.51916225,14.81559944,27.07523126,9929,0,401.1357812,263.1136769,65.59217334,0.005773787,0.003787152,1.04296875,,,
15.98335,1833,,,,-0.009765625,-0.201171875,-1.09375,0.253575081,-1.516028669,14.81381893,27.14527673,9918,0,402.1252144,263.3714336,65.49488173,0.005756238,0.003770041,1.046875,,,
16.022935,1833,,,,-0.0625,-0.046875,-0.94921875,0.254326091,-1.506783636,14.82700062,26.60591097,9918,0,394.4858583,264.1416006,66.95844604,0.005704454,0.003819614,1.048828125,,,
16.08042,1833,,,,-0.0859375,0.09765625,-1.103515625,0.251161275,-1.499036261,14.83938599,26.11346788,9898,0,387.5078293,260.3279663,67.18005329,0.005758261,0.003868403,1.05078125,,,
16.11202,1833,,,,-0.015625,0.05859375,-1.060546875,0.246640512,-1.489266164,14.844841,25.85252351,9856,0,383.7766011,254.5659447,66.33180449,0.005850218,0.003880555,1.052734375,,,
16.14772,1833,,,,0.150390625,0.017578125,-0.736328125,0.246676986,-1.473209522,14.84119987,25.90189142,9829,0,384.4151477,253.9144123,66.05213499,0.005801993,0.00383234,1.060546875,,,
16.182185,1833,,,,-0.22265625,-0.072265625,-0.849609375,0.246861707,-1.473194447,14.83866787,26.05171175,9821,0,386.572698,253.8775096,65.67393685,0.005802777,0.003810912,1.060546875,,,
16.21615,1833,,,,-0.0625,0.177734375,-1.193359375,0.247683538,-1.478638263,14.83527279,25.9543149,9812,0,385.0393415,254.5049781,66.09843481,0.00580986,0.003840226,1.056640625,,,
16.256215,1833,,,,-0.0703125,0.06640625,-0.779296875,0.248047521,-1.473943922,14.83320045,26.29398126,9813,0,390.0238948,254.8990698,65.35473164,0.005782461,0.003779112,1.0546875,,,
16.28847,1833,,,,0.125,-0.037109375,-1.1640625,0.248864049,-1.467006324,14.84072781,26.00314302,9826,0,385.9055677,256.068268,66.35516289,0.005728966,0.003801465,1.05859375,,,
16.32343,1808,,,,-0.009765625,-0.345703125,-0.85546875,0.24709552,-1.466658077,14.83911133,25.95446367,9824,0,385.1411758,254.2049934,66.00306832,0.005769588,0.003808105,1.05859375,26,,
16.37314,1701,,,,-0.240234375,0.12109375,-0.951171875,0.246864622,-1.463864775,14.83960152,25.92532892,9823,0,384.7215503,253.9434858,66.00708632,0.00576453,0.003804998,1.056640625,,,
16.408,1638,,,,0.09375,-0.17578125,-0.958984375,0.247176009,-1.465509743,14.88517761,24.15663118,9785,0,359.5757456,253.2760875,70.43747821,0.005786214,0.004075664,1.056640625,,,
16.443675,1619,,,,-0.052734375,0.03125,-1.3125,0.233094996,-1.448476199,14.97272873,21.27880067,9682,0,318.6017102,236.3393143,74.18017756,0.006128799,0.004546354,1.056640625,,,
16.47881,1613,,,,-0.0703125,0.3671875,-0.8515625,0.217965124,-1.416731193,15.20000076,11.0529334,9254,0,168.0045962,211.2327341,125.7303305,0.006706968,0.008432693,1.060546875,,,
16.517225,1607,,,,0.03125,-0.05078125,-1.103515625,0.129181403,-1.281006859,15.21236515,10.7767579,8798,0,163.9399764,119.0159728,72.59728556,0.010763319,0.007813877,1.072265625,,,
16.554915,1601,,,,0.1640625,-0.03515625,-0.888671875,0.125845102,-1.099665124,15.19630909,11.39854879,8368,0,173.2158706,110.283923,63.66848637,0.009971219,0.006348524,1.091796875,,,
16.590915,1594,,,,0.1328125,-0.1328125,-1.0859375,0.135075891,-0.984827454,15.19266796,11.74629278,8093,0,178.457526,114.4751984,64.14702758,0.008602977,0.005518554,1.109375,,,
16.635665,1575,,,,-0.1171875,0.046875,-1.015625,0.141017224,-0.945222651,15.18727207,11.95040865,7975,0,181.4941075,117.7746479,64.89171992,0.008025689,0.005208007,1.119140625,,,
16.678375,1525,,,,-0.125,0.05859375,-0.97265625,0.143515176,-0.918294314,15.20106697,11.27933283,7894,0,171.4578937,118.6383792,69.19388587,0.00774028,0.005355801,1.150390625,,,
16.72156,1481,,,,-0.0234375,0.16796875,-1.05078125,0.139369989,-0.893527178,15.20828724,10.85459776,7786,0,165.0798405,113.6343615,68.83600153,0.007863178,0.005412697,1.193359375,,,
16.76528,1450,,,,-0.08984375,0.349609375,-0.947265625,0.135060981,-0.865177423,15.26114368,8.750803658,7657,0,133.547272,108.3012903,81.09584617,0.007988616,0.006478436,1.24609375,,,
16.81456,1412,,,,-0.068359375,0,-1.142578125,0.110542781,-0.826135479,15.32479954,6.276728817,7516,0,96.18961088,87.0041233,90.45064483,0.00949536,0.008588614,1.3046875,,,
16.84863,1399,,,,-0.1171875,0.212890625,-1.009765625,0.081786023,-0.735565618,15.35226727,4.993200013,6971,0,76.6569411,59.70083243,77.88053054,0.01232086,0.009595551,1.3203125,,,
16.881735,1393,,,,0.009765625,-0.177734375,-0.953125,0.070223155,-0.647990858,15.36066818,4.884313294,6591,0,75.0263158,48.46985153,64.6038007,0.013368947,0.008636848,1.291015625,,,
16.91454,1381,,,,-0.03125,0.06640625,-0.984375,0.074283231,-0.594272018,15.38509274,3.457422205,6310,0,53.19276125,49.08546066,92.27845952,0.012106885,0.011172047,1.265625,,,
16.95161,1368,,,,-0.09765625,0.083984375,-0.91015625,0.055372372,-0.555887588,15.38200092,3.642125794,6085,0,56.02318232,35.28514097,62.98310718,0.015754155,0.009922456,1.24609375,,,
16.98781,1343,,,,-0.0390625,0.076171875,-1.052734375,0.057941487,-0.502450555,15.38233566,3.654658266,5878,0,56.21718019,35.66508055,63.44160349,0.014088025,0.008937669,1.21484375,,,
17.025345,1299,,,,-0.025390625,0.119140625,-1.03515625,0.061093491,-0.468378837,15.39666748,3.185501524,5723,0,49.04610773,36.61637418,74.65704391,0.012791513,0.009549766,1.185546875,,,
17.0665,1255,,,,-0.015625,0.02734375,-1.052734375,0.054507891,-0.444624624,15.41033554,2.756220766,5563,0,42.47428683,31.75662858,74.76671405,0.014001002,0.010468089,1.15625,,,
17.106385,1198,,,,-0.015625,-0.09765625,-0.935546875,0.047190226,-0.408902177,15.43371677,1.679095694,5347,0,25.91468738,26.42483663,101.9685719,0.015474161,0.015778781,1.12109375,,,
17.146885,1160,,,,0.0390625,-0.044921875,-1.00390625,0.027700715,-0.367555759,15.45199776,0.796084651,5023,0,12.30109824,14.57077967,118.4510471,0.025225538,0.029879914,1.09375,,,
17.187255,1110,,,,0,-0.0546875,-0.966796875,0.008833532,-0.318151462,15.7309103,0.141104841,4674,0,2.219707593,4.32359558,194.7822134,0.073584926,0.143330348,1.072265625,,,
17.22662,1000,,,,-0.0703125,-0.060546875,-0.9375,-0.011605832,-0.263229423,16.06933403,-0.289433441,4125,0,4.651002644,5.013686556,107.7979726,0.05250217,0.056596275,1.0625,26.3125,Cutoff: currentBurst (val=-0.2894334410503507, limit=-0.1)
17.26718,1000,,,,-0.02734375,0.09765625,-0.98046875,-0.02691139,-0.203934047,16.64763641,-0.360493175,3704,0,6.001359302,10.43824447,173.931337,0.019537198,0.033981309,1.060546875,,,
17.306025,1000,,,,0.0078125,-0.1796875,-0.97265625,-0.037116684,-0.143121738,17.50457191,-0.44423022,3094,0,7.776059836,12.02629772,154.6579884,0.011900731,0.018405432,1.060546875,,,
17.34111,1000,,,,-0.0625,0,-1.05078125,-0.094447007,-0.079585798,18.20061493,-0.219915978,2270,0,4.002606025,22.4486996,560.8520912,0.00354523,0.019883495,1.0546875,,,
17.37392,1000,,,,-0.0703125,0.126953125,-0.98046875,-0.069970417,-0.030739246,18.2152729,-0.099040753,1910,0,1.804054347,13.99653185,775.8375944,0.002196204,0.01703898,1.025390625,,,
17.407955,1000,,,,-0.0625,0.03515625,-0.974609375,-0.039239283,-0.018705648,18.00582123,-0.038671437,1838,0,0.696310975,7.553281805,1084.756966,0.002476493,0.026863929,0.9921875,,,
17.44512,1000,,,,-0.025390625,0.03125,-1.046875,-0.02320864,-0.014597534,17.69963837,-0.01558905,1824,0,0.275920546,4.431907771,1606.226078,0.003293736,0.052904847,0.955078125,,,
17.48101,1000,,,,-0.0234375,0.02734375,-1.009765625,-0.014647236,-0.011407958,17.35200119,-0.008828233,1820,0,0.153187508,2.790911867,1821.892594,0.004087538,0.07447055,0.912109375,,,
17.513655,1000,,,,-0.025390625,0.01171875,-1.015625,-0.012299598,-0.011184704,16.97899818,-0.001754414,1819,0,0.029788196,2.342497363,7863.844389,0.004774692,0.375474361,0.87109375,,,
17.54783,1000,,,,0,-0.02734375,-0.9921875,-0.010720283,-0.009764712,16.65280151,-0.001917175,1818,0,0.031926334,2.041493277,6394.38681,0.004783122,0.305851353,0.8359375,,,
17.584385,1000,,,,-0.0078125,0.009765625,-1.00390625,-0.009821346,-0.009224143,16.34145546,0.001278848,1818,0,0.02089823,1.870265769,8949.397977,0.004931996,0.441383923,0.80078125,,,
17.61901,1000,,,,-0.03515625,0.02734375,-0.994140625,-0.008753066,-0.007555053,15.99700165,0.003128398,1818,0,0.050044993,1.666825091,3330.653094,0.004532601,0.150965217,0.765625,,,
17.65493,1000,,,,-0.025390625,0.015625,-1.00390625,-0.007941753,-0.008130081,15.64666748,0.009638815,1818,0,0.15081533,1.512326841,1002.767319,0.005375876,0.053907527,0.732421875,,,
17.69291,1000,,,,-0.025390625,0.033203125,-0.998046875,-0.006734213,-0.007783342,15.4576683,0.002314596,1818,0,0.035778251,1.282377991,3584.238929,0.00606946,0.217543937,0.701171875,,,
17.72761,1000,,,,-0.0390625,0.041015625,-1.0078125,-0.005767957,-0.00779411,15.46500301,0.010452617,1818,0,0.16164975,1.098376278,679.479106,0.007096029,0.048216034,0.66796875,,,
17.76362,1000,,,,-0.0078125,0.015625,-0.99609375,-0.005289455,-0.008115006,15.46733475,0.021032044,1818,0,0.325309662,1.007256502,309.6300601,0.008056543,0.02494548,0.640625,,,
17.80634,1000,,,,-0.0234375,0.0234375,-1.001953125,-0.004684076,-0.007053249,15.46800137,0.020810098,1818,0,0.321890624,0.891975718,277.1052186,0.007907446,0.021911944,0.61328125,,,
17.847,1000,,,,-0.013671875,0.015625,-0.99609375,-0.004493326,-0.007879718,15.46720219,0.005244283,1318,0,0.081114387,0.619974948,764.3218092,0.012709736,0.097143285,0.583984375,,,
17.884645,1000,,,,-0.0625,0.03515625,-0.9921875,-0.003623458,-0.007574436,15.46685886,0.015102914,0,0,0.233594645,0,0,0,0,0.55859375,,,
17.928405,1000,,,,-0.03125,0.03515625,-1.001953125,-0.002669539,-0.007981479,15.46600056,0.001500794,0,0,0.023211278,0,0,0,0,0.5390625,,,
17.968625,1000,,,,-0.01953125,0.01953125,-0.998046875,-0.001677718,-0.008828407,15.46693516,0.001338033,0,0,0.020695271,0,0,0,0,0.517578125,,,
18.001465,1000,,,,-0.0390625,0.037109375,-1.021484375,-0.00244301,-0.008194691,15.46600246,0.003244655,0,0,0.050181847,0,0,0,0,0.498046875,,,
18.03425,1000,,,,-0.025390625,0.0234375,-0.99609375,-0.000912616,-0.00876972,15.46760082,0.001989075,0,0,0.030766219,0,0,0,0,0.4765625,,,
18.069485,1000,,,,-0.025390625,0.017578125,-0.99609375,-0.002734579,-0.009003742,15.46680164,0.002965638,0,0,0.045868928,0,0,0,0,0.458984375,,,
18.101525,1000,,,,-0.025390625,0.01953125,-0.994140625,-0.005457005,-0.009188257,15.46727371,0.002166632,0,0,0.033511886,0,0,0,0,0.44140625,26.5,,
18.142415,1000,,,,-0.03125,0.02734375,-1.001953125,-0.001959702,-0.008614656,15.46600056,0.002721497,0,0,0.042090673,0,0,0,0,0.427734375,,,
18.18955,1000,,,,-0.02734375,0.01953125,-0.986328125,0.002938627,-0.008464626,15.46600246,0.001849566,0,0,0.028605388,0,0,0,0,0.41015625,,,
18.225505,1000,,,,-0.041015625,0.041015625,-1,0.000740552,-0.008278146,15.46625233,-0.00399237,0,0,0.061747006,0,0,0,0,0.392578125,,,
18.26284,1000,,,,-0.017578125,0.03125,-1.0234375,-0.002695158,-0.008552926,15.46733475,0.005569805,0,0,0.086150031,0,0,0,0,0.376953125,,,
18.30434,1000,,,,-0.03125,0.0390625,-1.009765625,0.002252971,-0.008150541,15.46700191,0.011266419,0,0,0.174257721,0,0,0,0,0.361328125,,,
18.344105,1000,,,,-0.0234375,0.02734375,-1.015625,-0.000381257,-0.007837183,15.46693516,3.59501E-05,0,0,0,0,0,0,0,0.34765625,,,
18.380905,1000,,,,-0.033203125,0.037109375,-1.013671875,0.000351131,-0.007999435,15.46800137,0.005444604,0,0,0.084217143,0,0,0,0,0.33203125,,,
18.422315,1000,,,,-0.03515625,0.03515625,-1.005859375,-0.000469514,-0.007823534,15.46769333,0.000937392,0,0,0.014499293,0,0,0,0,0.318359375,,,
18.463165,1000,,,,-0.0234375,0.02734375,-1.021484375,0.000779596,-0.007712271,15.46646214,0.003190998,0,0,0.049353451,0,0,0,0,0.306640625,,,
18.495665,1000,,,,-0.033203125,0.037109375,-0.994140625,-0.000124283,-0.008091854,15.46628761,-0.000243068,0,0,0,0,0,0,0,0.29296875,,,
18.528125,1000,,,,-0.01953125,0.021484375,-1.013671875,-0.00019022,-0.008062241,15.46654701,0.000391063,0,0,0,0,0,0,0,0.283203125,,,
18.56236,1000,,,,-0.025390625,0.02734375,-0.99609375,0.000269532,-0.007917596,15.46654701,-0.004047857,0,0,0.062606364,0,0,0,0,0.2734375,,,
18.59476,1000,,,,-0.017578125,0.01953125,-1,0.000316211,-0.008005169,15.46582031,0.004829984,0,0,0.074699668,0,0,0,0,0.265625,,,
18.629135,1000,,,,-0.009765625,0.015625,-1.013671875,0.000311258,-0.007984709,15.46533585,0.003128398,0,0,0.04838173,0,0,0,0,0.255859375,,,
18.66296,1000,,,,-0.017578125,0.01953125,-1.0078125,0.000327398,-0.007747456,15.46691036,-0.005823425,0,0,0.090070392,0,0,0,0,0.248046875,,,
18.69515,1000,,,,-0.0078125,0.01171875,-1,0.000138209,-0.008220535,15.4683342,0.003128398,0,0,0.04839111,0,0,0,0,0.240234375,,,
18.727525,1000,,,,-0.025390625,0.02734375,-1,3.22772E-05,-0.008132235,15.46480083,0.008825013,0,0,0.136477062,0,0,0,0,0.232421875,,,
18.764865,1000,,,,-0.009765625,0.013671875,-0.994140625,6.68193E-05,-0.007546439,15.46763706,0.006605552,0,0,0.102172283,0,0,0,0,0.2265625,,,
18.80684,1000,,,,-0.0234375,0.025390625,-1.001953125,4.83236E-05,-0.007811339,15.46615601,0.003190998,0,0,0.049352474,0,0,0,0,0.21875,,,
18.84285,1000,,,,-0.0234375,0.025390625,-0.99609375,0.000276183,-0.008696495,15.46657372,-0.003033246,0,0,0.04691392,0,0,0,0,0.2109375,,,
18.87808,1000,,,,-0.03125,0.033203125,-0.99609375,0.000186855,-0.008504819,15.4673357,0.004756002,0,0,0.073562677,0,0,0,0,0.205078125,,,
18.91444,1000,,,,-0.017578125,0.01953125,-1.0078125,4.39467E-05,-0.008068352,15.46866703,0.000686992,0,0,0.010626851,0,0,0,0,0.19921875,,,
18.94844,1000,,,,-0.017578125,0.01953125,-1,1.0079E-06,-0.008480402,15.46830845,0.001688594,0,0,0.026119694,0,0,0,0,0.193359375,,,
18.984755,1000,,,,-0.0078125,0.01171875,-0.998046875,0.000169984,-0.00818465,15.46755791,0.000686992,0,0,0.010626089,0,0,0,0,0.1875,,,
19.019545,1000,,,,-0.017578125,0.0234375,-1,-4.66529E-06,-0.008410058,15.46691036,0.00838112,0,0,0.129630039,0,0,0,0,0.18359375,26.8125,,
19.057485,1000,,,,-0.015625,0.01953125,-1.00390625,8.5335E-05,-0.007648738,15.46560192,0.00784845,0,0,0.121381004,0,0,0,0,0.177734375,,,
19.092365,1000,,,,-0.015625,0.01953125,-1.001953125,0.000196452,-0.007541404,15.46738625,0.002439796,0,0,0.037737268,0,0,0,0,0.171875,,,
19.126835,1000,,,,-0.017578125,0.01953125,-1.0078125,0.00029322,-0.007944139,15.46366787,0.0039422,0,0,0.060960872,0,0,0,0,0.16796875,,,
19.16967,1000,,,,-0.01953125,0.0234375,-0.994140625,0.000203,-0.008080547,15.46800137,0.003128398,0,0,0.048390069,0,0,0,0,0.1640625,,,
19.20706,1000,,,,-0.02734375,0.029296875,-1.013671875,0.000142697,-0.007944328,15.46657372,0.004639745,0,0,0.071760955,0,0,0,0,0.16015625,,,
19.24465,1000,,,,-0.0234375,0.025390625,-0.99609375,0.00013397,-0.007427987,15.46800137,0.006947008,0,0,0.107456323,0,0,0,0,0.15625,,,
